name_th,name_en,juristic_id,registration_type,company_status,registered_capital,number_of_years_in_operation,registration_date,phone_number,industry_group,business_size,tsic_code_year_of_update
,Huels-Brakus,6219385508248,92740,0,61101171,1,05/09/2022,636-498-3853,47654,723875,73860
,Sawayn-Wiza,3473556591341,66544,1,63499512,3,28/01/2020,302-126-4665,91770,325235,64925
,Schmitt and Sons,7710680545488,44143,1,43113839,1,03/09/2022,652-232-0904,73456,824345,7231
,Barrows Inc,1727256454508,47540,1,83019277,0,30/04/2023,438-161-5690,22797,740128,93354
,"McClure, Anderson and VonRueden",8624259272316,38635,0,88190284,1,02/06/2022,609-349-5239,26286,268698,48529
,Dickinson-Schinner,867415227586,33433,0,82508404,2,15/12/2021,515-515-5215,26365,610089,13887
,Hahn Inc,9719139773161,89152,0,63931341,3,02/05/2020,406-957-1378,97516,307444,25587
,Weber-King,6126820757908,29567,1,65394195,2,03/09/2021,964-924-6612,29213,153073,17772
,Welch-Stokes,7341348684804,74770,1,12216339,1,17/07/2022,168-786-0141,60268,485582,70707
,"Rice, Kling and Hilll",1420762796060,97142,0,3631386,2,27/11/2021,930-952-3005,16791,990576,41909
,O'Hara Inc,8714891824831,85137,1,89488241,1,27/11/2022,275-429-3740,18220,846433,62482
,Smitham-Schroeder,6332918735031,77450,1,52113122,0,28/04/2023,343-883-1339,53415,515092,48102
,"Wehner, Buckridge and Wiza",2119082920771,51210,1,48853285,2,12/02/2021,673-586-3858,23293,586146,26341
,Altenwerth LLC,9336171234519,61064,1,17386097,1,22/09/2022,167-284-2970,48049,545926,96749
,"Hayes, Nicolas and Vandervort",4147046099565,58972,0,62600985,3,13/08/2020,705-851-4532,59425,655827,7085
,"Douglas, Kilback and Schultz",1525733352604,63587,0,66460712,3,22/07/2020,639-950-3714,19292,204342,27322
,"Schmitt, Stamm and Wuckert",2372097404095,14896,0,47947038,3,23/12/2020,890-158-0547,22758,280323,82400
,"Hermann, Marvin and Effertz",9916336200186,43500,1,91225507,2,28/09/2021,440-982-3991,61229,381356,94371
,"Hayes, Hartmann and Runolfsdottir",3104046112684,48429,0,40164525,2,06/05/2021,110-216-7321,17891,81873,25599
,Pacocha Group,1464594828577,12756,1,69385181,2,18/03/2021,880-932-4600,13427,977317,88254
,Kihn Group,385235281010,38329,0,94616260,1,10/01/2022,657-115-0262,97202,845925,53808
,Kihn and Sons,6552854530101,51589,1,29484733,2,11/06/2021,264-413-2449,59599,513337,52575
,"Haag, Bode and Parisian",1181901016684,17176,1,53577873,2,31/07/2021,102-338-7503,81656,917422,17057
,"Nienow, Cummings and White",7730356104313,70377,0,2849209,1,31/01/2022,250-487-1381,9653,185967,26201
,Bailey-O'Keefe,1600789620438,76075,1,4343584,3,29/01/2020,563-130-4518,69622,605103,21316
,"Morissette, Nitzsche and Simonis",5111987775161,21141,1,77539377,1,15/11/2022,291-778-7577,79324,257435,21941
,Kozey-Rempel,4211275475344,86111,0,61260520,3,17/11/2020,569-962-8721,60292,389899,88072
,Runolfsson-Schaefer,8568504413802,79571,1,5930489,3,05/11/2020,970-596-2333,61502,823419,8386
,Reichel-Lynch,69535162545,36924,1,91256922,3,07/10/2020,419-838-2586,15681,540853,87137
,Dibbert and Sons,6171647204196,79743,1,62066725,3,18/03/2020,221-963-5524,19167,757790,64913
,Rath Group,6708800820315,48616,1,15054693,3,15/05/2020,632-815-1817,15120,780661,72732
,Murazik-Fisher,9461215615356,86934,0,56323231,2,03/05/2021,424-804-7125,11857,721643,20188
,Waters-Quigley,2872229130864,23671,0,6420791,0,04/04/2023,306-254-7357,53039,35959,74456
,"Deckow, Fahey and Schowalter",8354059768497,19130,1,81742118,0,22/07/2023,979-417-1771,19388,896820,82406
,Ritchie LLC,3435510781772,59306,0,32582755,0,31/01/2023,165-934-0281,52091,924554,83856
,Ward-Hilll,4338900710298,82052,0,34282515,1,17/02/2022,183-647-5734,28674,105595,35338
,Corwin-Rath,3641015990607,98735,0,45957721,3,07/11/2020,768-319-3937,38257,150411,72581
,Gusikowski and Sons,6015958804432,98390,0,38149971,3,26/12/2020,738-470-1926,88643,128582,12215
,"Gleason, Kunze and Rutherford",4570606384360,40832,0,37957070,3,06/04/2020,535-671-0128,56342,484100,52840
,"Medhurst, Lebsack and Nikolaus",3102748870299,42816,0,65340462,0,17/06/2023,942-197-4234,17684,485001,53443
,Dach Inc,2196261548528,99695,1,29801032,0,17/01/2023,413-576-1407,16222,601600,39325
,Gottlieb-Lind,6847675075670,39630,1,26542053,3,27/09/2020,780-407-4659,35858,968986,24865
,Terry Group,1989842871154,38143,1,40559263,0,22/06/2023,836-776-4445,88152,915955,17966
,Reichel and Sons,8232508421086,20087,1,79279730,3,14/12/2020,940-549-6771,43439,548379,85417
,"Buckridge, Bradtke and Simonis",5795712938173,61170,0,41761020,1,08/05/2022,379-453-4506,96681,491987,68294
,"Parker, Buckridge and Welch",1818693124470,19190,0,80850737,3,22/03/2020,161-888-2050,89281,570009,8502
,Langosh Group,3692878406900,72135,1,75475184,0,02/02/2023,803-799-1181,35014,654164,24101
,"Runte, Hickle and Hirthe",4665713143239,52050,0,87411916,3,19/07/2020,779-697-6973,11168,971501,79905
,Huels and Sons,6590837553,87434,1,64294293,0,08/06/2023,428-409-8278,51551,264789,37236
,Labadie-Friesen,5172077047378,40599,1,58982858,1,08/10/2022,487-427-2224,31530,507731,13354
,Cronin-Ortiz,5197816787476,18775,0,70315900,3,10/09/2020,320-229-7376,49461,84381,97184
,"Mante, Kshlerin and Klein",320473706252,62119,1,44420554,2,21/04/2021,537-666-0786,42537,422057,17768
,"Harris, Bode and Raynor",7634828677873,91846,0,14806130,3,04/07/2020,881-134-4913,54678,790107,95518
,"Jenkins, Schneider and Mertz",7123186898368,97897,1,9012089,0,28/02/2023,898-416-9350,66196,51865,74089
,Corkery and Sons,4897725169969,81597,1,66891432,1,15/04/2022,852-498-1894,56777,53977,53143
,Wyman-Miller,327016854447,26614,1,45612593,1,08/05/2022,362-139-5435,74639,251827,14202
,Green-Lang,422323914745,78258,1,91504432,3,11/11/2020,134-888-4539,18186,997513,21088
,Tillman-Auer,8871391653611,41807,1,54755035,3,14/08/2020,539-715-9918,38237,299768,22132
,Reichel and Sons,3941430788386,14837,1,41266792,1,15/03/2022,323-196-0921,53299,168671,24728
,Buckridge-McGlynn,7649661531842,90391,1,24842005,2,05/07/2021,823-132-2634,56405,671615,10119
,Considine and Sons,5908178220950,11150,0,51729309,0,06/06/2023,865-939-5756,4729,354970,43571
,"Weimann, Lynch and Boehm",1072967421043,16513,0,43352356,1,20/01/2022,660-769-3316,82300,984919,46624
,Bradtke Group,6673016333908,47671,1,79262938,3,15/04/2020,760-931-4277,16644,546664,59045
,Pfeffer-Watsica,8515340637345,45024,1,64467537,2,07/04/2021,407-483-3821,23630,643265,14545
,Ledner Inc,4654558477924,20777,0,70899616,3,11/10/2020,850-468-1845,67358,839542,36498
,Goyette Group,697424410401,55071,1,95516937,3,22/12/2020,454-866-5693,28548,188089,31139
,Rohan Inc,6382193376194,24299,0,37921163,2,08/11/2021,275-241-4683,78499,742339,80083
,Nolan-Lebsack,7821518559429,31467,0,46944275,2,21/06/2021,445-207-8830,40644,203925,96962
,Murray-Upton,4279812531443,46370,0,43122815,2,01/12/2021,695-913-6164,57227,253652,94959
,Quitzon Inc,9644694577837,94270,0,9219708,0,23/04/2023,450-854-2566,77998,340797,53367
,Waelchi LLC,5646227371677,61072,0,17454317,0,07/07/2023,570-253-8696,76233,145267,38218
,Hoeger-Hoppe,411157138815,98176,0,86035724,1,30/12/2022,937-196-1672,34540,534800,67466
,Willms-Hintz,2357508292960,86282,1,2969378,1,28/11/2022,880-648-4570,75478,419050,35853
,"Stehr, McCullough and Ward",9017149293085,99531,0,3206997,3,03/05/2020,930-400-8724,71260,866871,71388
,Donnelly and Sons,7225105279683,13838,1,15399803,1,21/10/2022,199-150-2019,50651,119295,2781
,"Nitzsche, Stroman and DuBuque",8853840708117,44656,0,58999924,2,23/03/2021,306-269-4623,12642,735829,45539
,"Frami, Parker and Langosh",8074262267607,59479,1,66624430,3,15/11/2020,836-445-5398,67049,46582,35133
,"Bogisich, Emard and Beatty",5588281852474,62305,1,60698588,0,13/01/2023,772-228-7609,35445,240567,91653
,"Rodriguez, O'Hara and Dach",4114036341466,69313,1,60241490,2,11/11/2021,165-133-3078,40431,843349,57769
,MacGyver-Marks,6095683564987,60752,0,10488147,3,23/04/2020,379-238-9685,78051,22353,60840
,Schultz Inc,2281610649193,57343,1,43618028,3,28/09/2020,101-136-5370,85198,418676,15112
,Bayer Inc,5806838972378,74745,1,73440447,0,11/08/2023,776-480-0581,49966,130917,35817
,Beier LLC,3932431662339,23877,0,56194810,3,14/10/2020,217-434-8905,39963,59616,7472
,Bogan-Cronin,6679298919054,61415,0,8324734,2,14/11/2021,713-183-2989,94745,681480,68329
,King and Sons,2134662119724,16593,1,94925947,1,21/03/2022,117-733-9254,92074,256049,44244
,Reynolds-Barton,7051549998901,53134,1,59244105,1,29/12/2022,846-552-0982,49267,456828,29403
,Monahan-Harris,9339081188207,61419,1,60221827,0,05/08/2023,550-256-1208,92691,758217,64699
,Abshire Group,4460072204500,86255,1,4622941,2,28/07/2021,294-338-4701,21194,321697,60366
,Lang-Tillman,7045496447918,72866,0,77190021,2,11/10/2021,270-845-1054,56972,556835,7637
,Daugherty-Konopelski,6418261365091,13735,0,50370897,0,06/02/2023,712-923-0332,75127,179601,4142
,"Wilderman, Murphy and Daniel",6216222783173,86806,0,60054834,3,15/05/2020,234-435-7770,80980,302959,26457
,"Marvin, Russel and Toy",6077475043306,22559,1,38272707,2,18/04/2021,269-718-1508,40255,991804,71163
,Wintheiser-Kilback,1717534774552,53063,0,2663144,1,22/06/2022,622-425-5058,2153,468311,14412
,Renner-Langworth,6308996519191,89687,0,37492205,1,01/05/2022,219-772-2528,37112,39683,34822
,Gleason Group,817572121766,28673,0,49487293,3,26/09/2020,297-952-3026,14169,363224,63151
,"Fadel, Waelchi and Dibbert",2372851562791,34528,1,85029450,2,25/02/2021,343-110-9391,66610,515646,78672
,Abshire-Bradtke,4531777614357,44059,1,23114713,3,29/08/2020,567-895-9038,9084,944036,213
,Weber-Cruickshank,5926791078170,99075,0,88461320,3,21/12/2020,919-197-3975,62671,49544,70776
,Hintz Group,1317762161198,28217,0,97885958,0,22/01/2023,364-386-1827,34331,848343,48810
,Corwin-Collins,2068276512444,59636,1,50456019,2,25/07/2021,597-998-3327,48967,111558,41729
,"Hegmann, Nolan and Deckow",5732517642430,75769,0,29698715,1,15/01/2022,317-959-5349,91220,115848,17250
,Grimes-Bradtke,875192911073,30997,0,84864235,2,28/04/2021,382-709-3078,53284,90129,26013
,Nolan-Dickens,4478887460773,16804,1,68324338,1,14/02/2022,752-512-1665,67012,864653,15654
,Bashirian-Miller,7305626096898,25831,1,37388302,1,24/02/2022,442-870-4281,54699,252254,82844
,"Swaniawski, Brakus and Watsica",2446979129490,59725,1,90349836,3,25/03/2020,813-885-0338,44726,376695,82189
,Conn Inc,1960004719361,49522,0,26919102,3,07/09/2020,781-694-4693,2300,970680,27260
,"Corwin, Kshlerin and Mohr",7933532785084,85885,1,71958188,3,10/07/2020,859-954-4883,69978,955325,66943
,"Conroy, West and Zulauf",5807174942556,17875,1,59353086,3,17/06/2020,354-647-7227,58384,234915,43582
,"Langworth, Cummerata and Sipes",5206087035051,72776,1,53712349,0,11/02/2023,437-166-8764,53680,658906,74850
,Conn and Sons,4891464288676,74064,1,27066264,3,31/07/2020,303-178-4094,87614,832213,71071
,"Lindgren, Greenholt and Funk",2934375498958,68931,1,41047554,1,12/11/2022,635-631-0412,68281,667950,23017
,Wintheiser-Kessler,7195037010295,10655,1,66642261,1,28/06/2022,675-821-4396,68991,681586,24140
,Bartoletti-Parker,7083059759242,52544,1,28740539,1,28/06/2022,473-381-5841,3983,670673,50277
,Dietrich LLC,6944686313161,85188,1,77669553,1,05/02/2022,368-666-9522,61681,103818,80720
,"Muller, Collins and Witting",8267060506970,65745,1,33456528,0,21/01/2023,123-439-7566,57782,550390,47597
,Murray Inc,4673432562123,97710,0,12926341,3,19/11/2020,895-437-2106,26798,339757,2113
,"Jenkins, Schultz and Lesch",7644682285097,85925,1,91450969,1,10/08/2022,811-421-3454,75307,172259,54890
,Prohaska LLC,3756368367910,72397,1,90609938,2,11/09/2021,552-104-5930,50001,559330,58578
,Stark Group,736475862353,31081,0,54315311,3,12/07/2020,581-726-0192,74299,776433,79361
,Kshlerin Inc,5122443250638,86049,1,67601406,0,22/04/2023,140-571-9601,39439,516091,55513
,Cormier-Hudson,3273982636162,51449,0,11599067,0,14/05/2023,485-977-5841,80987,867930,97319
,Kihn-Collins,8236885828590,21273,0,58930272,1,19/05/2022,733-658-2660,41009,620154,10055
,"McCullough, Osinski and Erdman",6100421073865,69452,1,70130539,2,01/10/2021,193-441-6398,58426,472865,96205
,Kling-Kozey,3105325512435,98404,0,42131072,0,24/08/2023,360-745-8168,3206,884455,75679
,Schaefer-Bauch,8662498328152,19835,0,65932861,0,30/06/2023,586-962-8396,79513,645243,38119
,White Group,9972864267323,80064,0,25384249,1,19/03/2022,829-931-4066,65706,316299,14953
,Gleichner Inc,1838865192946,33114,0,5799805,3,27/03/2020,711-247-0603,18756,571908,28676
,Gottlieb Group,1955897673125,75300,1,34242049,3,26/02/2020,322-124-4251,53563,44255,27514
,"Yost, Wilkinson and Johnston",2353394075689,40755,0,10639194,1,21/08/2022,104-683-1206,28730,681288,1485
,"Donnelly, Morissette and Zboncak",4458080406197,10853,1,61708635,1,12/12/2022,250-992-3954,10939,350913,538
,Herzog Group,2557881265859,11144,0,72484920,2,09/08/2021,239-207-2885,54427,457013,62093
,"Berge, Jaskolski and Koss",762597648107,85271,0,26251758,1,17/10/2022,342-532-8366,59918,203829,49826
,Waelchi-Bergstrom,5639572217778,33691,0,77065780,2,28/01/2021,362-998-5663,13336,107745,47601
,"Weimann, Schuster and Fritsch",9017911351540,69189,0,76184558,1,01/06/2022,334-815-6785,58911,997288,36327
,Lynch Group,4443360043969,78146,1,47737994,0,16/02/2023,784-856-9205,59678,559550,46189
,Breitenberg LLC,1134112314346,41911,1,77538668,3,27/05/2020,478-759-1729,61978,514288,66639
,Johns Group,5840066671102,99384,0,23196574,3,04/02/2020,124-416-9529,14523,694916,32859
,Denesik-Bernhard,5629759601349,87675,0,26903328,2,02/02/2021,388-331-8068,13676,996083,45286
,"Rath, Medhurst and Dickens",7234242555379,72553,1,57964637,3,17/11/2020,808-584-5582,91676,521876,78678
,"Glover, Gleason and Schamberger",1308874411858,76210,1,6992690,1,12/03/2022,366-323-8801,79487,268101,97910
,"Schuster, Jacobs and Sawayn",7918861095968,77722,1,97426231,1,04/01/2022,900-908-9615,5935,763849,16032
,Beatty Group,651587751407,80975,1,61346404,3,02/07/2020,726-295-0813,90575,110307,13390
,"Cruickshank, Schuppe and Zulauf",3441247349493,22255,1,82571569,3,11/01/2020,812-746-0410,76772,408794,26500
,Lindgren-Auer,5613612833488,29857,1,23507487,0,27/01/2023,542-432-3274,63360,904812,59154
,"O'Reilly, Jacobi and Kihn",1346917935405,17276,0,57281041,1,27/06/2022,771-441-9123,76158,659637,12606
,Abbott-Wintheiser,8866552650863,11503,0,35346271,2,20/06/2021,950-563-4367,52726,667028,79765
,Parisian Inc,1673620164079,54391,1,8772780,3,08/11/2020,744-272-0433,263,430364,87246
,Torp-Lockman,4514760860747,65133,0,31108718,2,26/02/2021,616-688-1056,11336,564044,1284
,Harris-Koss,537455268756,56897,1,24001494,0,16/07/2023,837-404-1116,19189,464540,78971
,Schowalter-Hodkiewicz,3089754357196,59881,1,75332031,1,11/04/2022,177-376-3160,76104,624133,17100
,Jakubowski-Rippin,3205218187334,66113,1,74768129,3,09/02/2020,732-439-9763,80713,131946,76603
,Purdy LLC,2368887595977,11260,0,45601426,3,21/06/2020,330-141-7355,58468,426726,97921
,"Walker, Lowe and Bernhard",1665575621383,78328,1,71396362,1,04/10/2022,735-659-6919,613,329743,76721
,Watsica Group,7527442310521,59705,0,44999772,3,01/10/2020,774-702-3461,52926,894593,39311
,Emard Group,433755177395,95815,1,75902480,3,14/02/2020,463-561-0953,75501,307818,4066
,"Watsica, O'Hara and Donnelly",8563041275084,15870,0,58958823,3,30/09/2020,540-409-2509,38887,258338,41724
,Williamson-Wolff,8194259327583,38754,1,88099992,2,11/09/2021,949-659-9404,14659,608024,67382
,"Larson, Lesch and Brown",2125981763279,14423,0,89382588,1,01/09/2022,453-220-8034,4089,399251,74862
,"Frami, Russel and Goodwin",8008321035064,12347,0,70814738,2,24/01/2021,489-193-6834,45426,646664,61037
,Schmidt-Parisian,4764377284317,69171,0,27912393,1,30/11/2022,930-928-8692,8959,287388,29299
,Stokes Inc,6215401981824,21633,1,74267837,0,17/03/2023,716-104-2887,97741,38337,16239
,Crooks-Powlowski,1544150376259,57096,1,41449262,0,28/08/2023,459-591-6198,8937,171612,59081
,Daniel-Hagenes,1606018331000,89416,0,19487730,0,05/04/2023,215-277-2122,58846,448812,45632
,Jakubowski and Sons,1516399050561,76758,1,47607439,3,03/02/2020,512-921-1080,61354,16014,53124
,"Wyman, West and Murray",4770965691561,91443,1,33398866,0,26/06/2023,599-939-5429,61896,933840,54384
,Crist-Gleichner,5150720377251,10930,1,43869322,3,18/02/2020,495-555-7105,57640,584286,16913
,"Reichel, Prohaska and Gibson",4029485051764,43045,0,22412628,3,18/02/2020,783-519-6495,11158,986082,73063
,Hyatt-Zulauf,5376022340402,37090,1,93174980,3,15/08/2020,688-986-7204,79908,804881,3026
,Hills-Friesen,3816558610973,75995,1,17292973,0,28/07/2023,355-879-9159,76299,10918,83551
,Stark-Wilkinson,5454522080272,73811,1,80234152,2,03/06/2021,782-784-6865,55029,756089,98555
,Roob-Walsh,8064610378755,18358,1,32714470,0,14/04/2023,993-760-6468,86141,785930,19426
,O'Reilly-Cruickshank,4020735169198,50647,1,10235376,1,30/01/2022,886-357-6339,41685,337636,81621
,"Muller, Rohan and Fisher",9667961065817,39582,0,80998455,2,03/05/2021,854-395-4414,61525,862375,13204
,O'Keefe and Sons,3897927455230,30434,1,1875771,1,29/11/2022,459-518-4254,4537,270934,13062
,Senger-Bergnaum,888718791648,42338,0,59985314,0,18/02/2023,309-388-9001,6300,30244,34522
,"Kub, Brown and Adams",3403140307014,58887,0,78288966,1,05/01/2022,903-435-3694,35222,377227,2599
,Ondricka and Sons,7762670717967,42934,1,9938446,0,26/01/2023,140-431-0999,88473,820885,59366
,"Bartoletti, Hills and Borer",6426221502797,62158,0,96438975,3,20/11/2020,865-524-3338,58957,278710,60339
,"Hills, Williamson and Steuber",2427259560503,20006,0,78155017,1,15/01/2022,749-405-0963,91192,625779,81498
,Swaniawski and Sons,2436451065511,34891,0,59940881,3,07/11/2020,294-242-7752,76693,42160,80609
,Zemlak and Sons,5971840378129,83039,1,57378555,2,10/07/2021,313-324-9963,17121,64719,26262
,"Jenkins, Barrows and Kassulke",8795853903144,34535,1,63738034,2,12/01/2021,499-429-4499,78466,878460,53689
,Feest and Sons,6090192260569,75737,1,91787796,0,23/05/2023,575-618-4924,82262,744069,52984
,Breitenberg Group,5387949759366,91997,1,81458443,3,17/02/2020,898-643-4602,97699,75628,93049
,"Balistreri, Schaefer and Torp",5344965154262,35130,1,73688510,1,09/11/2022,730-928-1918,25637,11862,1994
,Abbott and Sons,5225966696369,13862,0,13111324,3,31/03/2020,343-446-6700,63421,531227,68852
,Schinner and Sons,479283328133,54790,1,59771474,1,10/02/2022,681-874-2259,15212,307012,54358
,"Bradtke, Rempel and Lang",7772578770813,19492,1,61257672,3,13/10/2020,689-925-0406,52137,166107,24092
,Klein Group,5564852815224,84460,0,28852065,2,04/03/2021,829-875-4543,29732,744734,60099
,Olson LLC,7358348461494,21303,1,11606243,0,09/03/2023,870-856-4471,93603,644968,78338
,Smitham-Shanahan,1280479934313,28137,0,78260264,3,20/10/2020,208-199-7467,88430,543266,45767
,Vandervort-Daugherty,1011134748374,48413,0,74242180,0,22/08/2023,916-969-6621,92637,333420,82488
,Koch-Abernathy,5778194729726,81518,0,71185578,3,12/09/2020,452-313-5842,7706,420945,4671
,"Schmidt, Aufderhar and Feeney",1873045001466,37232,0,73976419,1,24/07/2022,429-534-9535,44274,382531,91756
,"Windler, Wyman and Purdy",9254667045550,50035,0,13084467,2,20/12/2021,334-495-0531,29261,411459,92082
,"Hammes, Luettgen and Boehm",9299394014644,54703,1,37671233,2,08/03/2021,777-980-0065,40725,588006,39647
,Fisher and Sons,5850091703524,24642,1,87653272,0,07/03/2023,667-315-9799,70338,328422,87387
,Homenick Group,4390529577991,33177,1,78349160,1,18/08/2022,816-332-5604,12057,453763,42824
,"Abshire, Stiedemann and Robel",8728089222817,93690,0,57394781,2,21/11/2021,968-890-0560,53048,968525,71449
,Bernier-Friesen,3920360826527,56737,1,62447592,3,21/04/2020,213-180-6505,19271,721286,14191
,Stanton-Stokes,9810144731119,12306,0,4737354,0,05/07/2023,755-807-4143,13126,801720,47137
,"Weissnat, Wuckert and Runolfsson",1861707930979,70763,1,95770670,1,17/08/2022,625-843-0920,41875,721140,379
,Rodriguez-Quitzon,6852916861924,50549,1,74394631,1,12/06/2022,744-657-5542,36442,871626,30569
,Moore Group,7324504796675,44027,1,83211495,3,12/07/2020,614-199-0110,29827,288282,36738
,"Jacobi, Langosh and Reinger",7235785365498,30064,1,33260995,3,28/05/2020,586-404-4314,41118,210151,34640
,Balistreri-Bogisich,5731797677753,49984,0,91563575,3,26/10/2020,349-376-7681,97409,200370,29117
,Collins-Yundt,7714285987466,49652,1,76020218,0,12/05/2023,566-223-9875,14149,954394,32825
,Hessel-Harber,8537976711359,52534,0,5101307,0,10/07/2023,281-449-6529,66660,930315,89033
,Rau-Steuber,9042125891980,46921,1,27523592,0,28/02/2023,996-172-6976,92939,898475,70563
,Paucek Group,806176050551,21182,0,13175319,2,04/11/2021,351-936-8398,64046,780824,34840
,Kiehn-Will,8517035731065,60222,1,78085999,1,10/07/2022,152-687-2604,97908,17387,21443
,Hessel-Lowe,5570154207957,82337,1,12652800,2,25/08/2021,355-840-5221,11584,985247,36923
,Hartmann-Rutherford,87269462526,26234,0,20399644,2,17/05/2021,514-345-7488,84369,939256,49612
,Wisozk and Sons,8228655531797,53404,1,98468313,0,18/02/2023,569-797-4310,43825,197732,5860
,Kunde Inc,6245095507497,83112,1,75620726,3,30/01/2020,616-384-9283,31868,206424,45577
,Roob-Tromp,471715524266,63592,0,13852889,3,30/07/2020,165-745-7110,42823,696970,75647
,Lowe-Padberg,8904640713894,64053,0,39329261,1,21/05/2022,664-407-4164,90557,460593,92609
,Hayes-Wisoky,1072528523565,18048,1,93743375,2,25/12/2021,532-380-5485,93238,1368,7202
,Olson-Kiehn,1577250876484,77475,1,2793623,2,22/01/2021,962-885-3613,77584,687635,77653
,Gorczany Group,3778000152238,39331,1,47381830,2,27/05/2021,387-834-4411,81442,22172,62609
,Will-Hoeger,5723716413372,44505,1,98129990,0,07/02/2023,721-496-7970,51473,424198,53050
,"Lehner, McClure and Hane",8013373893623,74922,1,52539791,0,19/07/2023,227-766-9177,28387,52508,50578
,Hane and Sons,676486523596,28307,1,19768221,0,26/06/2023,143-913-0316,49841,265236,88751
,Towne-Raynor,8679829834081,99583,0,54596991,0,16/03/2023,283-457-9249,28472,345433,37820
,Ritchie and Sons,7709247719936,31012,0,53728796,3,29/01/2020,283-642-4153,77283,103054,10195
,Mante and Sons,8938462865557,59322,0,97101332,0,14/07/2023,246-334-9883,91683,23164,38319
,Lynch LLC,7350959218692,66045,0,98952066,3,08/03/2020,470-340-9334,81764,94407,13587
,Rohan and Sons,4298457039206,40426,0,34155636,3,25/08/2020,594-157-5763,8338,204745,60510
,Upton-Jacobson,7595937154440,90875,1,76525364,2,16/12/2021,953-651-1102,37482,982942,4663
,"Turcotte, Runolfsson and Shields",7215164656420,48633,0,17618133,0,22/08/2023,115-855-1216,94453,205495,87684
,Bogisich-Hackett,1494422151040,45889,0,4582184,2,27/04/2021,897-569-9522,20426,216614,60489
,"Lehner, Kuvalis and Walker",7483809359878,23727,1,43879623,0,31/05/2023,205-311-4392,77575,2242,78285
,Feeney and Sons,6924694396076,57303,1,5656479,2,01/12/2021,867-281-0356,57084,796656,78691
,"Zulauf, Morissette and Connelly",743506512618,85668,0,82551391,2,14/01/2021,138-544-1860,94377,685366,28903
,Lockman-Oberbrunner,5600039840288,77249,1,80419192,2,01/04/2021,118-947-8268,33716,366915,92035
,Konopelski-Koelpin,8024734867606,96662,1,8779492,1,06/07/2022,439-919-6417,39196,871658,90092
,"Feil, Gulgowski and Larson",4521526869835,24102,0,9880432,1,27/02/2022,725-680-9213,69694,626052,17309
,Smith Group,2428102628381,65245,0,88885512,2,24/05/2021,980-248-0374,4431,260479,27287
,Pacocha-Kris,8019628516141,34649,1,88987889,2,05/11/2021,748-670-9323,54494,839335,12688
,Pacocha-Konopelski,2418245740452,83719,0,18860445,0,06/01/2023,209-882-5483,35069,847323,81174
,"Harris, Carroll and Spinka",1595546858052,61862,1,90774448,3,10/02/2020,143-625-8046,55175,603267,56080
,"Stehr, McDermott and Mills",8610127090613,67447,0,43017452,1,07/07/2022,400-229-9521,99703,505471,7981
,"Schowalter, Kilback and Hamill",531687385631,74892,1,55845110,1,18/05/2022,119-134-1818,87937,755362,96569
,Stoltenberg LLC,823965002627,59820,0,26750451,0,28/06/2023,640-707-9315,11343,175254,35085
,Williamson LLC,246500173094,62710,1,18989210,1,06/06/2022,913-206-6389,50267,970445,98846
,Lebsack-Donnelly,1878928225499,19072,1,96042286,0,10/08/2023,497-424-4438,44026,575831,50985
,Shields-Mraz,289651871765,42315,0,10062501,1,18/10/2022,817-526-1463,4540,315146,80167
,"Block, Orn and Murray",4703315901029,89190,0,40549328,3,22/04/2020,651-942-0488,11576,359535,70861
,"Crist, Weimann and Turner",2175131512343,18278,1,32198862,2,31/07/2021,976-743-6997,65106,289196,55049
,"Beatty, Osinski and Jacobs",6043489349194,39200,1,29797831,0,24/08/2023,672-716-3563,2642,903329,21467
,"Haag, Keebler and Kiehn",1133603407756,71744,1,88501448,0,29/01/2023,326-895-8931,73689,624574,66248
,"Blick, Howe and Harber",6475378364053,55508,0,59312836,2,30/07/2021,888-458-6044,39337,341606,41802
,Hodkiewicz-Barrows,4750123813860,52324,0,74200529,1,14/11/2022,593-977-3984,66072,477968,27239
,Littel-Koss,6709920286721,60560,0,58014506,3,06/09/2020,552-707-8929,98135,911324,49034
,Hansen and Sons,3984497644244,87530,0,3496683,3,28/09/2020,460-506-1741,24938,507844,30855
,Schaefer-Haag,5915215516743,18763,0,72933382,3,27/08/2020,995-989-5894,26972,379076,24420
,Wolf Group,16719052797,45158,1,49327442,3,23/05/2020,397-679-0555,80252,578819,52148
,Effertz-Ullrich,5110329685647,52403,0,96296274,0,03/01/2023,942-484-1127,9616,766554,55126
,"Crona, Bosco and Wiza",4092151661608,38819,0,28898700,1,21/05/2022,103-728-7597,60243,161163,58722
,Jerde Inc,4891648068488,96668,0,12604759,2,27/10/2021,999-707-5211,14605,450249,71166
,"Beier, Rempel and Koch",4220380467502,70317,0,28528568,2,23/02/2021,518-276-2919,78442,685648,35994
,Tremblay Inc,831015591331,75286,0,56420442,1,28/10/2022,202-379-1093,19151,266940,56377
,Sauer-Price,4685239114805,59354,0,48570795,3,02/09/2020,217-200-0213,91834,206553,57180
,"Ernser, Parisian and Beier",8725314860880,66191,1,63270689,1,13/05/2022,938-946-0318,22054,937381,11490
,"Wilkinson, Bruen and Braun",1558468572076,29154,0,54771935,1,02/01/2022,681-175-8008,23551,791515,54765
,Durgan and Sons,3956632500955,67002,1,60925876,0,10/06/2023,341-808-4538,72665,543645,17864
,Smitham-Boyer,3843274423689,41531,1,16536609,1,05/06/2022,291-561-6269,29080,182684,81665
,Turcotte Inc,5084313232830,40375,1,54272474,3,18/02/2020,909-655-9014,38514,786592,7273
,Lind Inc,3446599076691,53946,1,74763461,2,04/09/2021,666-781-1765,66149,724556,65188
,"Connelly, Dibbert and Bashirian",409081718158,66855,0,40269282,3,28/07/2020,740-983-6986,34288,567923,17711
,Rogahn Group,6674287422839,41273,1,12345157,2,12/04/2021,921-153-3898,51729,364256,10101
,Bayer-Rempel,6547877984864,13969,0,20501970,1,21/05/2022,438-350-8632,54454,701694,39541
,Beahan and Sons,8339574790892,24662,0,38762283,2,15/03/2021,219-176-8201,3686,574384,80243
,Greenfelder Inc,275805776193,40679,0,47533102,3,28/06/2020,390-413-5391,48572,669697,18180
,Rempel-Durgan,6979341454917,19549,1,70006372,1,03/03/2022,570-570-1740,35053,915650,85594
,"Altenwerth, Glover and Barrows",1985553974952,91627,1,61546890,0,21/06/2023,881-663-6692,45867,105098,40187
,Mills Group,6707965166511,25439,1,75414340,3,23/01/2020,750-342-1075,49491,810946,42326
,Conn-Schowalter,8419766428668,97624,1,28789665,2,21/04/2021,778-687-6669,83059,434976,64560
,Fahey Inc,544408625384,77598,0,39576903,1,15/07/2022,515-887-7631,83018,760044,57630
,Kutch Inc,6217140948576,28212,0,24514339,1,25/09/2022,331-428-9178,14954,30677,31516
,"Grady, Medhurst and Cartwright",5299078554903,22342,1,70133199,3,12/08/2020,334-221-4042,70368,267208,41849
,"Raynor, Koch and Hodkiewicz",4010837755894,76897,0,94547029,1,22/07/2022,472-192-8869,61797,1642,15085
,"Schimmel, Little and Lebsack",7025615956603,89511,1,95864693,3,08/02/2020,543-496-7547,79975,786076,89766
,Schuppe-Nienow,3064069416607,89061,1,37332315,1,20/08/2022,673-733-1134,94189,258223,55355
,"Jacobi, Reichel and Shanahan",485992317543,97831,0,42405538,3,17/02/2020,623-259-0126,76952,823422,7704
,"Haag, Russel and Baumbach",8388106930380,95662,0,34730238,1,04/01/2022,343-202-0433,79645,550266,20937
,Rempel Group,7087397737232,83411,0,39445833,2,11/01/2021,606-658-8501,87769,755729,62838
,"Durgan, Hermann and Bode",4684753221524,87334,1,86346107,2,11/06/2021,885-536-9834,22107,111443,76018
,"Jerde, Schroeder and Beatty",3409057644971,44659,1,51132092,1,25/09/2022,908-816-1045,63378,474622,22668
,"Smith, Mitchell and Wilderman",7196177226664,68937,1,72872201,3,24/08/2020,556-997-7790,97125,113024,12112
,Rau and Sons,5736938043616,95257,0,9806361,2,22/11/2021,146-655-1107,71677,593552,25609
,Bayer and Sons,2058974281988,15503,0,38993048,3,16/09/2020,512-966-2231,56611,716296,6858
,Beier-Tremblay,7049845843396,70672,0,39796278,0,05/06/2023,207-538-9636,21231,817930,40685
,"Prosacco, Predovic and Gleason",9072684981383,29699,0,30012477,3,20/07/2020,629-807-4478,15901,95047,64473
,Boyle LLC,6978618163585,51261,1,70604182,3,06/06/2020,826-603-4768,38679,462823,18005
,"Breitenberg, Friesen and Bruen",9869561036756,80066,0,10923163,1,14/07/2022,455-353-9553,80262,916703,71996
,Pfannerstill Inc,6124856998549,36639,0,43295988,3,02/11/2020,609-520-6821,144,369012,86173
,"Hessel, Harris and Pagac",6285457310978,56511,0,47386012,1,27/09/2022,951-483-8263,23379,714400,89989
,"Barrows, Vandervort and Krajcik",8506513921991,65151,0,95419735,0,28/08/2023,260-695-3119,87613,912010,58552
,Christiansen LLC,9855709700891,96051,1,70758554,0,22/05/2023,736-946-0197,93398,948682,4782
,"Nicolas, McCullough and Abernathy",782163736550,14525,0,81433659,2,14/01/2021,232-741-6565,87271,317211,57584
,Ratke-Lindgren,4645294659867,28223,1,89414345,1,04/12/2022,903-132-3080,21180,240975,15670
,"Effertz, Streich and Crist",4778982300814,27255,1,90532402,3,09/03/2020,783-759-3325,31407,596757,52988
,Hoppe and Sons,9191632043008,46508,0,88224469,2,29/05/2021,403-542-6863,47524,841139,9269
,Senger and Sons,4989893739960,16716,0,6288245,2,12/05/2021,664-500-7662,9888,621779,4663
,Langworth-Kling,8289416557627,51085,0,94854828,1,14/12/2022,139-688-7115,45150,666932,64042
,Paucek-Morissette,7709003339265,81963,0,83887492,1,16/09/2022,820-676-5080,20680,934788,90755
,"Heaney, Hermiston and Beahan",909681190108,63201,1,95302690,1,03/03/2022,296-973-8784,35007,796311,78118
,"Roberts, Jacobi and Friesen",3761153272802,30668,0,81399990,3,07/01/2020,781-872-5994,25609,285373,17250
,Reichert-Shanahan,3315021520311,64071,0,76943546,3,04/06/2020,645-823-3462,5074,955824,28017
,"Graham, Thompson and Conn",3776368047461,67975,0,22037998,3,06/06/2020,115-879-9896,73929,890856,59904
,"Dickens, Ebert and Feil",8497115571391,48655,1,61891021,1,19/12/2022,504-368-4640,69703,182167,24222
,Schamberger LLC,7718026139532,99488,1,63590699,0,18/02/2023,963-460-6944,381,947739,51987
,Kohler LLC,6267248010191,97656,1,73446984,1,08/06/2022,775-693-5253,84376,9983,69169
,"Grant, Hilpert and Ryan",3892685246292,62029,1,45008500,1,06/09/2022,105-107-3563,94765,607663,99663
,Braun-Gottlieb,8595900068808,65314,0,10134062,1,29/05/2022,623-422-1654,18640,677232,13530
,"Koepp, Thompson and Aufderhar",4250445012760,31194,1,94353117,3,02/09/2020,156-728-6130,25164,347887,72595
,"Beatty, Hamill and Gusikowski",4234100523358,33499,1,52819707,3,18/02/2020,898-800-8977,29899,470852,34323
,Mayert Inc,4016178309485,81857,0,10210227,2,05/02/2021,465-674-8840,76374,151897,18486
,"Wilkinson, Bahringer and Treutel",2219833737989,82133,1,95356310,3,03/09/2020,711-213-7136,81628,956400,55525
,Crona Group,1075861491787,67761,0,52587025,1,23/10/2022,643-746-7018,76863,183166,52688
,Hamill Group,8413679584754,28147,1,48228220,2,15/01/2021,963-817-4041,71836,571766,53162
,Schaefer and Sons,6790198961562,41047,0,58388321,3,25/09/2020,800-549-0439,6631,680305,97514
,"Jacobs, Schaefer and Ferry",4105041423417,34238,1,10146860,1,19/06/2022,667-196-8667,33440,262386,99548
,"Nolan, Crooks and Reichel",8144934643381,34561,1,70937555,2,27/06/2021,496-182-1407,31302,476207,84234
,"Jacobi, Ledner and Walter",9491242967292,79348,1,23528843,1,13/01/2022,651-714-4648,55589,731117,16293
,Funk-Hansen,6219292725191,73163,1,17548051,1,02/05/2022,718-795-1697,18989,601926,82306
,Batz-Johnson,3400787080071,64030,1,59067304,2,01/07/2021,969-219-3289,54185,359018,25019
,"Ward, Bruen and Schmidt",8150395419097,18191,1,7943462,3,13/04/2020,515-406-1310,64950,22443,56691
,Gutkowski-Gerlach,5963530114881,64905,1,38573444,3,05/11/2020,163-243-1723,34388,490419,79522
,Towne Group,2215423755935,93320,0,9767550,0,19/03/2023,478-991-9827,80961,982674,90583
,Abshire-Kuvalis,6637815364581,98314,1,64796702,0,04/07/2023,968-128-3039,30603,940803,25462
,Grant Group,2163053935401,28524,1,31323042,3,27/01/2020,835-125-5263,39338,481776,36997
,"Stracke, Brown and Herzog",4073251584373,99930,0,30118314,0,24/07/2023,330-180-3668,39178,616129,49164
,Bahringer Inc,9921300196329,18857,1,91564728,0,07/05/2023,762-354-5179,33755,284899,74320
,Kris-Nolan,1364838766446,32254,0,33299942,2,05/07/2021,377-489-4380,55537,854546,39135
,Howe-Lubowitz,7583733816847,26123,1,81838582,3,09/06/2020,259-955-6852,10914,500279,60325
,Lubowitz Inc,56715422665,80846,1,18885442,0,27/06/2023,895-926-0950,47582,483410,61536
,"Skiles, Goldner and Ward",3534182555379,71404,1,54519427,1,01/10/2022,267-367-6647,94492,66344,26434
,"Gibson, Greenholt and Bernier",8674096830631,95593,0,32111142,1,12/11/2022,515-867-7641,87358,148561,73971
,"Jast, Satterfield and Senger",8574087297168,95896,0,23987799,1,06/04/2022,365-390-0305,34793,756761,88062
,"Howe, Sanford and Dach",1957864582928,32182,0,77809425,1,21/12/2022,867-775-1642,42158,724800,62409
,Considine and Sons,3787349929067,75506,0,37020326,3,15/03/2020,936-876-1040,35901,126599,84268
,Walker-Pouros,7021239123436,22714,0,92424348,0,03/02/2023,979-398-9891,32851,213327,26586
,"Runte, Wuckert and Schmeler",6625388750087,47402,1,67850816,2,12/01/2021,751-906-4633,78613,4972,31318
,Brown LLC,4560223398729,88866,1,8108586,3,21/03/2020,642-480-8853,86034,367042,83923
,Beahan Group,8796631990543,18713,0,5460390,2,30/11/2021,885-337-6164,75472,372614,34263
,Gutmann Inc,9909145344354,88640,1,78711509,2,28/09/2021,498-745-8259,3443,590343,54252
,Hessel-Johns,2017685184938,43289,0,76738617,1,18/08/2022,589-459-8627,34617,312198,27538
,Raynor Inc,4997814042578,95199,0,12233606,0,27/03/2023,805-261-7796,93705,627050,97343
,"Hyatt, Sawayn and Wisoky",6901089794494,34490,1,23630142,1,09/06/2022,177-895-0525,66164,502428,55503
,Hand Inc,7046655287880,59110,0,14588057,3,06/06/2020,876-546-9908,10810,171895,80654
,"Leffler, Wunsch and Witting",4641098711318,55066,0,25211554,3,09/07/2020,387-973-4153,65308,731889,38598
,Stoltenberg Group,2653285391870,13411,0,22430223,2,10/04/2021,764-223-7414,47341,561490,47750
,"Block, Abshire and McDermott",8220605956821,62848,0,2859824,2,12/01/2021,132-961-6785,35351,320676,16480
,"Lesch, Friesen and Reichert",6474570837337,50341,0,55487399,1,26/04/2022,546-116-5247,44623,696847,41708
,"Gerlach, Satterfield and Fisher",3119908518657,60480,1,87757689,0,28/06/2023,424-811-4521,58361,799169,46568
,Veum and Sons,7767545571941,35299,1,49704450,1,19/01/2022,340-662-6439,78682,42440,99247
,Labadie-Denesik,8041487608132,21283,1,85508719,0,15/04/2023,716-512-5187,71389,973645,99670
,Schumm-Lind,366881795976,49316,1,62185193,3,26/06/2020,594-224-4925,5829,751167,49266
,Price-Blick,5841165599501,20931,1,55436653,0,03/07/2023,594-431-4843,40058,811294,82928
,Kihn LLC,6860757045136,63903,1,12360761,0,27/05/2023,943-234-1597,58627,472295,9311
,Schroeder-Moore,2918263787371,29329,1,61307301,2,02/09/2021,110-521-5274,92775,150892,56611
,Blanda LLC,9576382856704,18471,1,51821395,3,09/05/2020,142-891-4298,97241,280767,60239
,"Kertzmann, Hoeger and Nienow",1095210829245,16224,0,77163353,2,23/12/2021,590-913-5021,98932,566884,61837
,"Wilderman, Grant and Ruecker",8404597276746,15579,1,71506093,1,30/01/2022,870-312-5283,99592,653332,97624
,"Schaden, Heaney and Armstrong",3155361440005,72741,0,87068652,1,02/12/2022,693-374-4576,93622,524643,56787
,Deckow-Strosin,381040952421,30886,1,22437453,0,13/03/2023,325-474-8848,67073,54708,50097
,"Hoppe, Padberg and Considine",7517270140386,18380,1,77584804,2,16/02/2021,452-871-4433,99938,932547,5149
,Farrell LLC,3714562199889,67613,0,85602031,2,22/08/2021,443-737-2173,97881,77704,73519
,Blick Group,8546739049290,92449,0,98836855,0,06/03/2023,406-422-9034,13539,277362,12539
,Runte-Dickens,6329077480728,45376,1,18761280,3,25/08/2020,347-823-4185,74007,389996,82451
,Harris LLC,9895715944201,48526,1,17830553,1,21/09/2022,739-794-0624,9939,526451,41267
,Bruen-Smith,9530066952930,87627,1,32623230,2,27/03/2021,131-896-9741,14858,115818,28770
,Langworth Group,691010901922,31450,1,20494049,0,14/06/2023,959-435-3478,24577,836129,27299
,Cole-Krajcik,3505070168102,62629,0,51736722,1,17/07/2022,785-550-7165,72669,875937,79375
,Thiel LLC,7303863455504,50778,0,68723264,1,12/02/2022,350-259-9616,35680,699314,31585
,"Turcotte, Klein and Davis",1562819163770,60824,0,90918157,2,01/08/2021,702-175-1399,54862,258419,58294
,"Koss, Pacocha and Hackett",9964599875959,92311,1,96851912,2,26/09/2021,301-862-2810,5916,277850,51012
,Pouros and Sons,737301869616,30324,0,10242080,1,25/02/2022,172-440-2974,25417,540890,31415
,Howe LLC,2723671027737,70369,0,42087628,2,05/05/2021,919-661-6041,49716,469647,3383
,"Ledner, Hirthe and Bartell",2654563756488,78115,1,78316003,1,01/02/2022,306-114-6187,58842,846902,72647
,Walker LLC,4993675326408,30121,0,35773521,2,16/11/2021,674-333-9178,95122,141567,73237
,Moore Group,304661076581,96003,0,44718545,2,24/10/2021,360-811-7206,90633,740490,38263
,"Konopelski, Fadel and Schoen",5173732266921,73785,0,93123772,1,06/10/2022,987-390-7573,35429,945229,88686
,"Kovacek, Ortiz and Cassin",4166977315045,88598,0,30270782,0,22/05/2023,464-907-4557,88612,194590,21098
,"Reinger, Hoeger and Veum",2998886626301,32262,0,86942351,3,22/08/2020,322-232-3606,99941,967131,54603
,Graham LLC,3023078497323,48869,0,90608899,1,03/10/2022,278-718-1494,76029,353785,73235
,DuBuque Group,2144801225893,81231,0,21338375,2,23/06/2021,676-606-6483,69005,156241,66491
,Turcotte Inc,5231523733273,92942,0,44373346,3,29/11/2020,193-616-6606,95482,249739,61258
,Kemmer Group,6375749014241,81781,0,98277789,1,21/01/2022,321-922-8527,83507,771496,95272
,Terry-Stanton,6563451180430,48690,1,20909341,2,04/01/2021,182-560-5858,86010,676204,56727
,"Kilback, Daugherty and Kuhlman",1008926271775,95151,1,43380686,0,14/05/2023,828-588-1893,32206,814927,86971
,Erdman Inc,3125039634483,74237,0,1009435,2,22/07/2021,265-562-4387,42593,269766,53909
,Fritsch-Parker,211257573201,83921,0,42251981,3,10/12/2020,126-271-6105,9157,636040,35899
,"Cassin, Ullrich and Parisian",6770983759407,49340,0,88900782,1,16/12/2022,395-783-3842,47415,462556,95267
,Robel-Stroman,9779681081966,68379,0,44235086,1,27/12/2022,536-152-6250,43803,325385,751
,Hessel Inc,3921704652338,68530,0,92769803,1,05/03/2022,111-750-6364,75018,273705,40534
,Jacobson Group,8612163706745,30287,1,51309455,1,15/07/2022,342-172-2569,60116,479942,6644
,Stanton LLC,4887708221925,61487,1,69996282,2,03/10/2021,770-428-6519,458,78523,6891
,"Haag, Cremin and Halvorson",3872828970263,54400,1,91597008,3,12/07/2020,598-496-0794,54495,761576,92099
,"Bashirian, Gislason and Dicki",6494044253473,40189,0,46127982,1,28/11/2022,436-127-7153,30501,853963,53327
,"Heller, Ziemann and Murray",8846530474236,39541,1,83834202,3,07/09/2020,267-444-2196,29931,983878,46662
,Erdman Inc,686189233601,14084,1,95892469,3,13/05/2020,533-974-4328,28111,698145,26370
,"Wiegand, Klocko and Johns",7157007285101,87334,1,32216242,0,14/06/2023,540-566-1136,7916,803169,10011
,Collier Inc,6542671409409,96094,0,54920159,1,09/12/2022,754-898-4729,30300,823145,97680
,Mayer-Kilback,4299986275860,15033,1,44068851,1,22/03/2022,674-739-2403,58479,66099,8944
,Fahey-Jacobi,1574994508453,20343,1,54505699,3,19/04/2020,684-353-4452,86122,349348,19189
,Prosacco and Sons,9284755836620,34174,0,39052755,2,07/03/2021,507-992-4550,25158,481941,1673
,"Huel, Jast and Collier",271346870869,28106,1,15122756,3,22/06/2020,804-863-9359,3733,828257,94038
,Rowe LLC,8834313040983,40521,1,93433894,0,20/08/2023,995-666-0141,45505,274579,88211
,Stanton-Howell,4266020423207,81440,1,41192601,1,26/06/2022,664-194-6353,80855,909496,36245
,"Schulist, Feil and Bauch",4477868752298,34438,0,34364076,2,19/09/2021,698-656-8460,51079,138962,74022
,Schuppe LLC,3172586888574,43527,0,30995507,2,25/11/2021,808-308-7498,32324,818547,80599
,Howe-Pfannerstill,7264462530993,12842,0,91402872,1,13/07/2022,514-326-6301,62648,704131,56157
,Wiza-Kirlin,6707746931238,88379,1,53913690,2,15/12/2021,289-285-8941,31981,713067,90239
,Dickinson-Rodriguez,8067798789017,40599,1,93423278,3,29/11/2020,165-281-1900,44563,842854,62986
,Goldner and Sons,6701498699512,70235,1,36952762,2,25/04/2021,829-899-0242,36990,977295,80063
,"Daniel, Lynch and Price",1529006712971,79747,1,58867067,2,22/09/2021,637-907-2083,14550,873133,53204
,Little-Kohler,4694549771529,22929,0,63083145,2,24/02/2021,172-417-0076,27049,39986,42778
,Schuster LLC,9409217699415,33409,0,31172338,3,14/01/2020,282-629-1551,7405,531794,12720
,Nienow Group,7712226564339,91654,0,54253362,2,16/03/2021,653-396-1251,26381,80868,20174
,"Zieme, Hills and Schneider",4496964937558,34296,0,41637952,0,23/08/2023,977-147-0570,80453,900112,72820
,"Kunde, Gutmann and Mraz",4200788496900,34206,1,65837034,3,12/05/2020,711-999-7095,69592,41432,70857
,"Quitzon, Labadie and Boehm",678048231530,65888,0,12479670,1,27/09/2022,325-893-1729,4409,347630,47797
,Skiles-Beahan,4623010456201,55728,0,4669312,2,15/05/2021,880-486-9857,54800,633673,50645
,"Harber, Nienow and Carter",4424039260509,87655,0,5022860,2,25/07/2021,709-285-8044,84370,756408,47667
,Hickle-Jacobson,8823886716947,16576,1,37402252,1,16/04/2022,424-218-1927,85711,293013,24056
,Ullrich LLC,2542712316912,52379,1,44321761,2,05/01/2021,862-994-2694,45193,860697,50541
,Shanahan-Toy,1654656976506,77347,0,44949161,1,08/02/2022,851-330-9425,75407,506926,19867
,"Oberbrunner, Leffler and Streich",8483842967992,18168,1,59369616,0,20/03/2023,630-361-0395,77545,373986,8962
,"Leffler, Stokes and O'Keefe",710694832971,30201,0,15984444,0,29/01/2023,380-979-2762,29184,456342,73071
,"Trantow, Hirthe and O'Keefe",384718393339,25356,1,93703414,2,12/04/2021,303-532-5460,16010,666713,20073
,Nader Group,2059922487250,77144,1,12834979,3,17/11/2020,420-829-4459,46582,819190,72886
,"Kozey, Stroman and Flatley",4235398750742,47002,1,84895166,1,26/09/2022,292-108-3566,78115,231135,44957
,Predovic Group,9098456390193,94534,0,55157870,1,28/06/2022,998-661-1419,14865,795095,57565
,Rice Inc,1639588704537,28291,1,85946514,2,09/03/2021,636-772-7774,22768,922001,8458
,Hudson Group,9185930597624,83066,0,75819353,1,29/07/2022,852-556-1036,88217,887351,82103
,"Tillman, Adams and Rodriguez",6198530690857,73144,1,28785486,1,10/05/2022,909-269-1536,67298,740409,54681
,"Thompson, Armstrong and Fritsch",9820874666102,13154,0,81431439,3,29/08/2020,496-820-2451,62250,649834,2996
,"McCullough, Cummings and Rath",8389318439146,80110,0,58162910,1,31/10/2022,160-751-8122,81314,109766,99390
,Kuhic Group,4175551677354,47965,1,8848996,0,25/08/2023,377-408-7441,76541,222191,78703
,Howell and Sons,1326349302391,86258,0,63084834,0,20/06/2023,534-542-9753,59384,828628,19056
,"Douglas, Kub and Hahn",1525917801503,15094,0,69309898,3,15/09/2020,508-148-7734,76789,463644,60006
,Hudson Inc,5434406001447,46722,0,83590207,2,13/09/2021,529-559-8320,79292,289170,48918
,"Swaniawski, Jacobi and Gibson",701219320623,59091,1,43441021,2,21/07/2021,437-463-2701,4139,340253,52793
,"Terry, Kunde and Schamberger",8577497181873,22039,1,98421489,2,14/03/2021,707-588-1131,60098,438518,92091
,Buckridge-Mueller,581940864881,75554,0,60702729,1,30/04/2022,888-969-8804,46969,689081,62628
,"Ortiz, Steuber and Turner",2699914841695,60409,1,55271793,0,04/05/2023,488-773-3701,83599,36208,97218
,"Tromp, Fay and Mayert",6757270613897,90477,0,61523420,1,26/09/2022,719-886-9852,24292,841971,46822
,Cremin LLC,3489153407578,55523,1,30068852,3,09/08/2020,350-424-5594,75798,864069,94872
,"Lang, Hane and Kerluke",5956620382203,20948,1,66406083,3,12/04/2020,823-471-9833,56533,35224,63345
,"Fay, Larkin and Lubowitz",7612241725702,43675,1,80313172,3,08/08/2020,688-719-1220,16930,677232,48844
,Christiansen Inc,6914113087597,78215,1,52427767,3,06/04/2020,169-372-3136,55043,953014,47173
,Harvey-Muller,7818378845618,37165,0,58889491,3,04/06/2020,924-327-5336,69790,615230,25528
,Grant-Heidenreich,9498251242988,17066,0,28286115,2,09/06/2021,312-660-4328,16240,736100,69002
,Padberg LLC,72462052798,74121,0,96580175,0,16/05/2023,277-174-6796,76576,50965,73421
,"Kshlerin, Considine and VonRueden",2748543369563,72097,1,86347190,2,11/12/2021,820-654-7101,63005,733855,27430
,Dietrich and Sons,3569956894034,32659,1,87680590,0,10/02/2023,983-575-6611,15852,486612,37534
,Schmitt-Stehr,5976348090329,73207,1,34192666,0,21/01/2023,539-137-5325,76989,591893,773
,"Lehner, Nolan and Thiel",6308929935293,23635,1,6418093,2,16/02/2021,528-206-4760,53617,527290,14403
,Kuhn LLC,8400348415310,12660,1,33577777,3,05/06/2020,203-849-4787,53362,439498,41084
,Steuber Inc,7621536265308,83605,0,82162264,3,19/06/2020,682-315-4104,9219,998410,84291
,"Langosh, Tillman and Hagenes",71659090133,56312,0,66590554,3,08/12/2020,989-770-3000,30147,115871,64805
,"Jast, Adams and Bednar",9850929098444,78696,0,78597838,1,05/08/2022,570-121-3895,87631,986961,92087
,Feeney-Crooks,9040866291008,97078,1,7353592,1,30/01/2022,812-723-4512,50170,779593,31828
,Reilly and Sons,377852915743,25226,1,11708085,3,09/07/2020,715-622-6888,74566,709432,51288
,Bode-MacGyver,7750210085264,79624,1,10063698,0,29/07/2023,523-654-4173,67825,971990,62027
,"Russel, Kling and Welch",9334421085482,40947,0,44040755,2,23/01/2021,987-587-7770,13163,317679,69544
,Hermiston-Wilderman,5041689997328,36733,0,55074388,0,27/04/2023,507-337-7577,99386,556728,47407
,Keeling LLC,2985652525781,50109,1,54091096,2,24/08/2021,716-959-1608,35664,849455,36976
,DuBuque-Ortiz,1904051040134,23369,1,36221636,3,21/04/2020,724-964-2484,97447,119370,19629
,Upton Group,5807619229486,87678,1,68544965,2,01/09/2021,310-524-2800,90366,719391,96902
,Lesch and Sons,6451800608754,77435,1,61488038,2,13/07/2021,986-320-5148,29737,864297,61229
,Terry-Harris,9820551140944,66674,1,78934446,3,19/08/2020,401-749-1739,71968,350133,69079
,"Smitham, Lakin and Wuckert",6374547087151,48906,1,68005730,3,17/07/2020,232-103-0116,67893,372456,66900
,Huel and Sons,3213087822314,83582,0,48308445,3,16/08/2020,308-467-8432,96345,38305,22540
,Spencer-Lakin,1716021857732,45987,0,89256915,1,01/01/2022,939-180-6103,56440,345768,70011
,Bergnaum-Von,4045270511007,14940,0,61504182,0,27/08/2023,493-614-3308,40067,866323,29143
,"Jaskolski, Kub and Bergnaum",8675130604715,77532,1,60778864,2,03/05/2021,842-139-6799,80821,189227,86431
,"Hirthe, Casper and Ritchie",7918797546535,47321,1,11040002,1,21/06/2022,155-355-1792,13404,433184,14175
,Cormier-Walker,986475714911,63912,1,1454684,0,15/02/2023,791-265-1949,4444,622253,66480
,Jacobs LLC,1162253595377,78382,1,17493559,3,23/06/2020,804-343-1717,85810,969424,6950
,"Hahn, Nolan and Oberbrunner",3829106242887,54366,1,1851752,3,03/07/2020,349-555-8328,94986,992372,55160
,Monahan-Reichel,1051488465105,97747,0,25290299,3,31/08/2020,233-322-9492,83176,666495,36501
,"Feeney, Franecki and Legros",9921581786043,36165,0,1784341,0,20/02/2023,813-638-2845,84340,846317,74024
,MacGyver-Wuckert,2026336845964,96813,0,56419096,3,21/11/2020,666-335-4415,5044,220817,42145
,"Volkman, Marvin and Jenkins",2985998792781,60995,1,45703421,0,25/04/2023,583-814-7579,99134,623978,24978
,Ankunding LLC,4794005273728,18092,1,16740787,0,20/01/2023,102-423-5143,96449,168451,4939
,Osinski Group,2456712623408,15158,0,28670588,2,11/11/2021,118-746-4541,69338,872582,89950
,Anderson-Homenick,9785665548681,52531,1,20511270,3,12/04/2020,612-618-6278,3542,794453,92703
,Franecki Inc,1786681268138,10733,1,15131022,1,13/05/2022,574-382-9261,38488,67295,83535
,Runolfsson-Klocko,8342846782720,72388,1,28134718,1,20/12/2022,623-775-1802,84541,398551,81258
,Mohr-Orn,7433647512100,69556,1,86535830,1,16/06/2022,486-151-1612,28464,857999,65616
,Trantow-Hessel,5231963682629,40382,0,29054041,0,09/06/2023,913-575-9561,62132,475477,21496
,Bogisich and Sons,6368407925848,34397,0,6863685,2,16/11/2021,812-366-4092,72564,808803,38854
,Bogan-Lemke,6344531188044,54379,0,16311686,2,23/12/2021,726-507-0887,20052,876469,86171
,Hettinger-Brown,8816175956495,15662,1,44449532,2,09/11/2021,616-979-9061,89960,470416,55723
,"Rau, Wiegand and Streich",3794812654599,73974,1,8334381,2,14/02/2021,742-509-7342,30029,244609,63831
,Medhurst-Hills,8831781231521,67916,1,69558010,2,08/04/2021,750-727-6462,4676,256544,94367
,Reinger-Marvin,3083891215090,32018,0,87803116,0,07/08/2023,538-841-9946,34378,258610,56115
,Hilpert Inc,4831583424090,36904,1,6812644,2,07/03/2021,735-494-9290,9718,77978,41288
,Heller-Waelchi,308678861997,78861,0,13338985,3,24/06/2020,497-790-4347,18171,472597,96218
,Wolff-Ratke,8111521639217,27187,1,98802750,3,01/09/2020,683-147-0740,24899,686935,8667
,"Morissette, Grady and Altenwerth",3408701797366,87287,0,23657435,2,27/06/2021,432-235-4055,28354,8156,2116
,Mann and Sons,531159295777,48698,0,73070034,0,10/06/2023,727-521-1481,86407,106951,60919
,Hickle LLC,4241155513557,75113,1,70985759,1,12/03/2022,268-574-5770,40141,943300,5959
,Gottlieb LLC,8346424394815,34415,1,71676178,1,03/10/2022,185-173-6502,19838,267056,76820
,DuBuque Group,2667207914240,12676,0,7649089,0,05/01/2023,749-429-1337,36127,829130,41688
,Gibson Inc,3369708425426,18763,1,47267963,1,15/03/2022,427-446-7309,80573,455724,41790
,Douglas LLC,4657841773169,23994,1,37800357,2,17/01/2021,338-156-5383,49261,163575,70519
,Cole-Champlin,3190654628382,96430,0,26211454,1,27/11/2022,991-233-3708,59330,171604,76530
,Kohler-Ledner,102868239276,85936,1,49698523,0,26/02/2023,779-953-8729,40370,768183,39831
,Feest LLC,6879000924837,96205,1,21228276,1,19/10/2022,682-406-9180,73246,743319,87944
,Feest-Beahan,5734300149993,39744,1,70323459,3,26/04/2020,647-460-8664,92163,405781,40120
,Parisian Inc,9584632777125,32649,1,59468854,3,20/05/2020,100-813-2011,56339,167498,31369
,Hagenes-Crist,9361992074196,49674,0,4317710,3,08/02/2020,869-106-6778,4350,906453,78982
,Wiza-Osinski,9566220259270,79476,1,48584551,1,25/01/2022,687-920-6865,5932,884076,79361
,Friesen Inc,552253889628,73090,0,91515695,2,14/02/2021,957-282-2337,3088,694197,91975
,"Cummerata, Bogan and Bartoletti",3477928366981,80415,0,50815053,3,10/02/2020,318-814-4234,61320,549859,24728
,Daugherty-Mraz,4291400461333,71382,0,55642136,3,19/03/2020,453-225-4185,47636,83462,71734
,Batz-Heaney,3667909087787,57163,1,39140831,0,17/08/2023,729-267-0186,92320,655393,76981
,Rippin-Gorczany,5163302821646,59125,0,38178373,0,07/03/2023,181-629-5439,94854,645335,8468
,"Wolff, Wiza and Walter",1514912376786,62273,1,58665588,1,17/01/2022,940-854-4860,73564,850708,87354
,Lesch-Keebler,800172821714,84744,0,1769232,1,28/03/2022,772-107-8735,65826,447973,91648
,"Batz, Schiller and Zulauf",5651727948433,83376,0,14396822,0,19/04/2023,323-831-7817,40903,57127,23643
,Carroll-Pacocha,3514702658133,58242,1,20885342,3,04/07/2020,770-537-1530,70634,295699,67860
,Halvorson-Stoltenberg,729073781607,70705,1,61035864,1,10/05/2022,195-371-5112,93423,332609,97583
,Ortiz-Ryan,1194830637077,96439,1,19670513,1,04/03/2022,858-129-3627,34156,198998,87301
,Huel-Gutmann,1482391940197,87555,0,24353312,2,27/09/2021,303-862-2513,28277,425552,72429
,Kiehn-Leannon,352813040653,11799,0,9201633,1,31/07/2022,187-764-8819,6984,65477,25526
,Schaefer-Moen,2782207581463,88591,1,84169697,2,21/10/2021,236-760-8839,21726,62938,97002
,Hackett Inc,1494950638751,99659,0,14559560,1,19/10/2022,629-882-2771,5343,851101,66222
,"Kunde, Emmerich and Buckridge",1290339985293,57320,0,53428654,3,08/12/2020,223-440-6385,24113,181360,52589
,Fisher-Rohan,4202417940430,31923,1,73177876,2,01/01/2021,538-440-5250,78598,287011,75861
,Koepp-Johnson,1990977165639,72875,0,98559098,1,28/03/2022,349-869-9951,40092,157295,79000
,Gibson-Schoen,1593043804983,67045,0,91979777,3,27/07/2020,492-734-4151,13713,805750,6467
,Gibson-Schaden,8384243205933,47872,1,56923642,3,08/03/2020,367-786-2103,55895,220863,47098
,Wyman-Legros,3443388873694,60661,0,74742281,3,19/04/2020,395-759-8919,24444,269648,48060
,"Kertzmann, Adams and McKenzie",4819412798597,33729,1,88802236,2,12/11/2021,671-397-1004,82299,146620,41253
,"Fritsch, Kub and Kautzer",3532318386757,73457,0,97759584,3,30/11/2020,480-604-8910,43463,736011,76244
,"Powlowski, Lebsack and Dare",7805487768437,51733,0,28133097,2,21/05/2021,805-255-1768,880,987331,73948
,Wyman Group,4223261083311,43230,1,79464070,1,05/11/2022,399-331-5491,25423,320035,73646
,Wisoky Group,3176201780136,98838,1,23549776,3,22/09/2020,830-968-6347,87185,332112,71220
,Reichert Inc,811472883033,77343,1,61608806,3,06/04/2020,660-430-0381,82689,27321,42484
,Kunde-Gleason,8577059939163,67399,0,8185558,1,15/05/2022,856-939-7573,71911,766201,42107
,"Strosin, Dibbert and Leffler",1222796920704,97521,1,83167993,3,11/02/2020,606-594-8094,32205,655703,27821
,Medhurst Group,1019208811140,24548,1,69867269,1,05/12/2022,684-999-3597,44479,777146,47544
,"Steuber, Gulgowski and Jakubowski",6577728962045,44074,1,53722474,3,07/07/2020,129-464-5035,34470,116092,34351
,Hyatt LLC,2038837404492,37897,0,66351411,3,12/02/2020,121-852-4932,91331,929994,57411
,"Hahn, Bergstrom and Abbott",5277812117010,66116,0,69636323,3,15/12/2020,928-414-8795,42587,980004,28568
,"Vandervort, Leffler and Hickle",5401500494417,57519,1,53781859,2,06/05/2021,989-108-9525,23080,989787,35718
,Aufderhar-Schaefer,9450070478055,24152,1,98141518,2,11/07/2021,722-706-9650,71805,278726,53657
,Steuber-Runolfsdottir,7207495197793,50105,1,64236134,0,16/04/2023,835-317-0834,43292,592255,20703
,Keebler and Sons,700695140160,32153,0,90319825,1,08/11/2022,145-757-4491,24286,142003,33834
,Botsford-Doyle,209297996784,98067,1,67937360,2,12/05/2021,869-710-5428,58986,777500,65922
,Rolfson Inc,6550611822717,85833,0,15872699,2,23/07/2021,263-842-1049,53120,616769,3100
,Wilkinson LLC,8826615859667,59661,0,93770597,3,29/11/2020,788-753-6833,58445,307424,88211
,"McKenzie, Daugherty and Ebert",6554973443735,86054,1,66314572,2,01/02/2021,593-432-3605,19223,240297,29882
,"Skiles, Leannon and Bradtke",891448139216,81781,0,75698580,1,24/10/2022,948-395-7540,73617,575508,39578
,Mann-Lebsack,8696796640976,66702,1,22655678,3,22/04/2020,893-939-4721,24339,902333,24997
,Schmitt-Tremblay,2494435905903,73806,0,29834854,3,11/04/2020,650-887-4054,93976,153616,78347
,Swaniawski Inc,4572863666264,14267,0,96048849,0,27/03/2023,188-601-0524,57320,898479,35920
,Russel-Goodwin,6516800313308,22826,0,14693795,1,04/05/2022,795-368-1366,40471,960192,39646
,Hirthe LLC,4923943635323,57503,0,6195597,2,20/03/2021,345-796-2457,96236,725804,6049
,Hirthe Inc,2848808747409,39215,0,43823191,1,09/10/2022,734-177-7419,14244,466366,152
,Herman-West,6070144732558,64750,0,76184767,3,08/02/2020,862-249-4156,84974,907648,8581
,"Windler, Sawayn and Daniel",7908176468320,48163,1,45146114,1,20/08/2022,583-272-9559,96470,68270,5559
,Dare Inc,7894459409751,96070,0,80576064,3,27/03/2020,250-964-0203,27688,525068,44129
,Lemke-Monahan,1198434543659,27362,1,40038397,2,17/02/2021,531-897-8814,89530,429196,6103
,Kassulke and Sons,4890313211489,87007,1,71990132,2,03/08/2021,954-456-7101,27058,43535,68713
,Kemmer Group,2335680338880,84915,1,8012050,2,26/12/2021,104-254-2564,32440,315720,33784
,"Kilback, Bosco and Jerde",868401608426,30358,1,94344013,2,24/02/2021,850-160-5738,9850,401335,50088
,Lubowitz Inc,6039146547576,86697,0,17505780,3,21/12/2020,383-131-1242,682,258918,31283
,"Zemlak, Koss and Hirthe",8786389583624,99943,1,56662967,1,01/09/2022,116-439-7154,46539,584232,78433
,"Pfeffer, Gleichner and Dach",9320744181489,65408,0,94887467,2,03/01/2021,499-449-4991,60409,185178,78139
,Carter-Kihn,5226844376152,29572,0,67191941,1,27/02/2022,818-601-8559,24626,525325,47002
,Spencer Inc,7345148003929,38290,0,1438586,2,11/03/2021,804-519-5518,96690,280363,96537
,"Auer, Mills and McClure",8356419843268,30257,1,76007599,1,07/12/2022,215-625-7001,33141,182712,17443
,"VonRueden, Hansen and Satterfield",2494381276634,27185,1,18351912,3,28/08/2020,579-994-0989,12312,559297,70320
,Hand-Stanton,1299574455568,59686,0,49892521,2,01/12/2021,140-318-6567,78126,124433,38453
,Yost LLC,7540666900219,27165,1,32796098,1,08/01/2022,555-573-1951,40620,448553,2166
,"Torp, Powlowski and Nolan",3514477881966,22647,1,83349521,2,29/04/2021,988-727-7833,96888,824001,55652
,Cole-Vandervort,2364134903173,80703,1,88636107,3,03/01/2020,300-827-6667,1281,564304,30291
,Smith-Collier,673316886900,92695,1,76397347,2,03/11/2021,644-710-4699,60400,380271,25513
,Batz Inc,630417297937,85201,0,43150108,1,26/11/2022,983-531-4392,32842,41610,20356
,"Strosin, Herman and Zemlak",8036108954480,96089,1,65817932,0,21/05/2023,803-920-4816,5007,635371,80668
,"Lemke, Fahey and Lang",2080571075820,66863,0,5916906,1,16/05/2022,528-255-1874,14721,212751,56370
,Carter Group,7993378406049,59257,1,98929246,1,03/09/2022,470-863-6775,64829,306559,2547
,"Lesch, Bashirian and Lockman",3219576386741,98661,1,49506725,3,18/02/2020,450-758-0077,95461,73189,5782
,"Hansen, Murazik and Daugherty",8521159960217,68087,1,32590702,2,16/08/2021,547-283-2929,17682,219607,92464
,Rau Inc,1723009056842,59057,1,11224244,0,03/01/2023,581-787-5441,23517,888404,11211
,"Cassin, Roob and Simonis",8885987169733,80908,1,39029919,3,20/08/2020,282-406-2929,16853,306484,82615
,Macejkovic-Lemke,5255169384076,96637,1,64597707,2,10/06/2021,140-624-8882,93693,731479,29059
,Cronin-Mosciski,9822030708487,68641,0,36951887,2,14/11/2021,727-707-3593,52653,281700,95923
,"Moen, Bartell and Oberbrunner",2419191022429,60120,0,25541107,1,05/07/2022,693-180-6423,37511,633826,69498
,Brakus-Jacobs,1874214449700,84580,1,74521462,1,04/12/2022,208-324-7288,64206,338414,31503
,Daniel-Towne,4703344296378,29094,0,85850211,1,24/08/2022,254-160-3086,63838,765029,2672
,Borer-Huels,1209167515159,93469,0,11083046,0,25/04/2023,733-569-1246,11620,556666,2466
,"Doyle, Feest and Williamson",568308106803,83554,1,84370527,0,12/04/2023,103-476-6461,94062,59624,94289
,Kuhn Group,3256311465296,30558,0,71876064,1,27/02/2022,463-479-0915,67401,835659,61846
,"Hammes, Powlowski and Bruen",1575204460105,88417,0,79052991,2,21/07/2021,280-349-3624,94926,151077,80155
,Cremin Group,4234731448351,31299,1,40647175,0,22/07/2023,137-689-4876,86700,680087,87645
,"Fritsch, Leffler and Hermann",7092446050868,99227,1,36012754,2,13/10/2021,641-319-6933,81518,485867,59316
,Sauer LLC,9002591894143,26689,0,36828559,2,09/06/2021,258-744-8451,22963,420677,41646
,Fahey-Walter,8479710811664,78116,0,29653748,2,29/07/2021,902-110-4355,77814,305937,68548
,Beier-Kunze,2384914041118,91787,1,73313625,1,01/05/2022,408-750-2578,54943,517431,24902
,Dickinson-Hudson,1806243030366,99334,1,32550311,3,02/06/2020,285-909-6206,54725,743735,90314
,Yost LLC,5730557169477,46762,0,50935384,1,10/09/2022,739-164-4549,48277,666753,46464
,McDermott LLC,296969408342,32061,1,77346993,1,22/11/2022,561-332-4160,21548,683874,7845
,Spencer-Ernser,2846624694628,72073,0,62376751,1,21/09/2022,446-412-1679,7676,755729,56001
,Hauck Group,4747088399037,66100,0,92054190,3,15/10/2020,763-317-4462,5271,52729,37268
,Roob and Sons,1327534449569,39495,0,27288278,2,07/04/2021,959-399-9022,81621,783732,74855
,Kuhlman Inc,7902695169244,96729,0,55451566,1,12/10/2022,497-146-2695,90531,93048,92615
,Medhurst Group,9760067650399,45584,1,29349239,3,13/03/2020,583-335-4467,98037,851449,93891
,"Feeney, Aufderhar and Witting",4407197728874,68405,0,82354286,2,29/08/2021,608-651-2842,57198,992734,12098
,"Howell, Abbott and Hickle",8178566529275,76753,0,63405196,1,10/04/2022,444-301-1025,5801,883775,80980
,Hettinger-Stanton,4182137604581,62768,1,57762091,3,21/12/2020,274-961-0276,88435,762137,14061
,"Bode, Brown and Ritchie",3525053891813,27216,0,4139052,2,10/12/2021,581-742-0497,80685,585218,62310
,Batz-Brown,1595716622955,49157,0,41718065,0,13/05/2023,468-791-0285,83635,162461,48987
,Hansen-Hagenes,332379316439,58073,0,23661745,1,14/05/2022,660-375-3123,98369,921706,53966
,Waters-Kreiger,8537177931415,15587,1,18753260,3,20/05/2020,817-187-8153,21272,116946,917
,Kunde Group,1827682686296,55000,0,71522325,0,29/04/2023,457-223-7834,43504,57321,21581
,Ullrich LLC,380504452398,41240,1,38441490,0,23/07/2023,113-436-8751,71941,969849,79550
,"Kihn, Pacocha and Ernser",7185426053143,98394,1,32875668,3,04/12/2020,651-254-2590,46251,484160,98569
,Hermiston Group,9951282270655,79214,0,80405193,1,05/06/2022,898-533-8268,47573,758515,41676
,"Torp, Torphy and Crooks",2307966548098,68135,0,2546058,2,29/11/2021,982-358-2971,38185,847682,18091
,"Rippin, Schmeler and Osinski",4254525228163,83095,0,80412882,1,30/11/2022,439-161-7316,76418,91119,77814
,Steuber LLC,9275291199905,91149,0,78644955,2,16/04/2021,683-288-4708,55329,286292,94364
,"Bayer, Heathcote and Boyer",2689123863985,71644,0,49513393,3,21/08/2020,735-709-4429,79769,921868,85793
,Waelchi Inc,8522671329964,65512,0,44694534,2,30/01/2021,273-514-7252,73470,746404,58975
,Sporer Group,3638156941037,29662,0,10498199,1,12/11/2022,491-889-9232,50671,40809,13378
,Walter and Sons,9705616821344,54499,0,2443320,3,17/11/2020,883-718-9991,12507,599345,91337
,"Bernier, Gutkowski and Wilkinson",6222873243898,27391,1,32982506,3,05/05/2020,389-318-2876,35491,3799,87368
,Hahn-Kassulke,9625986971822,49643,0,21790276,0,27/05/2023,839-229-7013,98364,963471,51915
,"Kshlerin, Halvorson and McGlynn",9297832220379,75873,1,50560509,0,16/03/2023,325-578-9760,79981,170635,20036
,"Cruickshank, Nolan and Reichert",570929736043,68289,1,33301312,2,11/07/2021,883-113-8520,18399,593725,45389
,Reichert-Keeling,5523013271990,97367,0,9599069,0,05/07/2023,361-378-2419,56785,637344,17520
,Howell Group,226623737743,72184,1,38488191,0,29/08/2023,741-645-3270,85773,809478,79255
,Herzog-Connelly,3778408407548,34689,0,55692192,1,05/03/2022,260-625-6367,3950,665222,12208
,Herman Inc,1243452417039,86794,0,66326525,1,04/01/2022,465-388-3696,22648,221682,93960
,O'Connell-Daugherty,7279648241342,67971,0,35493233,3,19/12/2020,975-162-3690,6131,359637,30388
,Walsh-Runte,4508977781647,66573,0,76749560,0,11/07/2023,142-268-2466,39366,568146,43119
,Legros LLC,109807774379,80785,1,55668754,1,27/09/2022,954-758-7242,50976,934229,86079
,Collins Group,9278591495957,53929,1,1637124,1,04/04/2022,512-530-9368,21781,728039,47671
,Bailey and Sons,6102199597211,47422,0,90120545,1,29/03/2022,448-244-1770,26616,365749,6607
,Gusikowski LLC,6982314084003,27930,0,95615037,2,10/05/2021,820-131-5724,35539,989117,96550
,"Hayes, King and Abbott",6073493859551,22222,0,7132776,2,07/08/2021,618-166-2560,59077,308597,55702
,"Bruen, Pfannerstill and Cruickshank",4003929116503,34646,1,32389202,2,19/08/2021,915-428-2710,42716,564364,18138
,"Bosco, Feil and Corkery",1080254594158,13672,0,1173909,0,30/08/2023,631-612-4502,18665,894178,92446
,Gorczany-Wuckert,7222411755775,83200,0,11567509,2,04/04/2021,578-521-8681,31851,41899,8827
,"Wilkinson, Russel and Leannon",1292794245008,23102,1,83554940,2,28/11/2021,227-242-7742,10250,342071,17470
,Corkery-Daugherty,5561755135513,24605,0,44297061,2,06/01/2021,338-712-7724,74131,253066,27385
,Blanda-Hane,2746809500407,47387,1,72796106,2,27/04/2021,594-454-9502,7961,732447,58584
,Stark Inc,4503934959105,64627,0,46740262,2,18/05/2021,955-537-3339,2510,388561,23539
,"Boehm, Quigley and Maggio",6997220327106,16355,0,20890501,2,27/05/2021,200-404-4148,36018,510880,76686
,Hahn-Huel,1172894448871,72668,0,86268616,1,17/06/2022,193-384-6907,20571,56529,30286
,Connelly Inc,2372497244333,96130,1,25349963,1,16/11/2022,422-690-4250,11187,137868,66353
,Hessel-Bergnaum,6240547084426,47688,0,63728183,2,06/08/2021,402-491-8122,11313,617592,79418
,Prohaska Inc,9143021390606,30335,1,30877633,1,07/05/2022,197-750-5319,83962,386977,53639
,Bins Group,1385379861423,18328,0,89808280,1,17/09/2022,604-662-8206,95276,846579,33008
,Hermiston-Hahn,3409596785585,56689,0,28847516,2,06/03/2021,562-946-2861,80674,655364,29567
,"Fadel, Sanford and Frami",4296885407987,49148,1,23471698,3,07/01/2020,346-153-7312,83414,99033,48973
,Grady LLC,2274152209556,35233,1,41066945,1,20/03/2022,501-805-1251,47775,823247,66506
,O'Kon-O'Kon,9240005195729,57265,0,15884792,0,29/01/2023,979-327-6346,6085,211188,56395
,"Lebsack, Bauch and Stehr",7912956568557,44555,1,41424146,1,19/07/2022,544-575-8682,8459,938409,50369
,"Treutel, Walter and Hauck",2327155009155,27405,1,70551856,2,13/02/2021,929-473-4234,6341,136726,33714
,Reilly and Sons,6737195070435,25782,0,28887207,2,05/04/2021,582-667-3235,83577,123292,33319
,Pollich Inc,3767667211360,49654,1,83506887,3,11/07/2020,520-178-6197,43677,666210,54691
,Koch Group,6703579335134,78029,0,37300474,2,19/05/2021,694-888-0161,19701,280381,13334
,"Weimann, Ankunding and Sauer",9742496959970,25069,1,99352211,0,09/02/2023,660-602-1215,13557,998223,3187
,Mills and Sons,8938429404478,10996,0,82855627,1,06/10/2022,636-900-3225,98083,165122,71294
,Larson Group,2417380601319,17652,0,27950612,0,27/05/2023,213-709-7094,48562,759966,33400
,"Beatty, Gleason and Flatley",8504525499243,15228,1,75149542,2,27/11/2021,407-319-3478,73015,992890,82263
,Schuppe-Boyer,9413282782201,62639,0,10583476,1,08/07/2022,621-169-2239,12986,134371,12573
,Casper-O'Connell,2507838839688,67527,0,81130083,3,11/02/2020,858-829-2447,12560,239757,74997
,Ziemann-Aufderhar,6236423355999,86444,0,41445534,1,09/07/2022,800-203-7715,21219,613715,12546
,"Senger, Bahringer and Adams",4510782999456,48993,1,92248579,0,06/06/2023,571-405-9689,13425,507285,93712
,Olson Inc,8342510773308,67094,1,22423751,0,15/08/2023,585-678-3367,32648,484943,54532
,"Murphy, Bergstrom and Barrows",6518127600761,73793,1,6730266,3,26/12/2020,890-990-4647,12104,518866,97142
,Upton and Sons,8726995477873,65740,0,21275509,0,01/05/2023,169-429-2958,1879,199471,6161
,Swift-Stroman,7488233098708,22409,0,50458400,3,20/03/2020,874-214-8501,67834,971413,75553
,"Walsh, Durgan and Okuneva",9830329444931,50122,0,37572031,2,06/05/2021,928-727-9267,47555,168261,64122
,Ruecker-Dibbert,2209463157867,25554,1,26156004,3,08/06/2020,562-240-6642,21476,171134,60114
,Hayes and Sons,5877393272214,92662,1,95443074,2,10/05/2021,739-566-8613,60909,88952,63498
,Stark and Sons,3141726442573,42167,1,23912158,1,29/08/2022,712-513-2476,752,725380,74779
,Halvorson-Hermiston,5953965811309,20421,1,63325321,3,08/01/2020,755-745-4974,98622,727602,16409
,"Weber, Luettgen and Marquardt",6256741710322,82866,1,13861119,3,29/05/2020,704-734-0664,44947,547673,18491
,"Rau, Huel and Kunde",2953215842396,41080,1,51318499,0,27/07/2023,656-315-7537,5163,48568,18732
,Ziemann LLC,96543836464,10667,1,15637265,2,12/07/2021,897-263-2009,55104,197964,29915
,Frami-Murazik,966394321025,10879,0,40240982,0,08/07/2023,290-915-3803,62578,755591,24604
,"D'Amore, Lynch and Turcotte",1165813072769,85289,0,72716511,3,02/02/2020,289-104-5190,15229,427372,83230
,Donnelly-Volkman,7419511999221,66092,1,22134802,2,27/02/2021,591-839-4166,21208,990821,58117
,Williamson LLC,9483415386491,54801,0,36168278,3,02/10/2020,443-669-2481,77226,782002,45017
,"Grady, O'Conner and Little",2673697853201,34839,1,59500764,1,26/10/2022,448-369-2414,75041,429229,67767
,Windler-Stokes,9923294881823,56688,0,75729202,0,25/04/2023,864-335-5922,89434,900371,37507
,Little Inc,2979441267026,13975,1,17132204,2,06/05/2021,972-752-0019,53162,152099,97026
,Terry-Schmeler,9838922290087,72887,0,60327638,1,22/03/2022,351-947-6015,24591,495164,55961
,Quitzon Group,6045503413148,98448,1,86329697,0,04/05/2023,190-792-6122,87549,569511,57313
,Nitzsche-Bailey,7873356395321,94033,1,67260767,2,21/08/2021,174-149-1352,27796,86780,36757
,Reinger-Hintz,3475343530137,57952,1,91884259,1,12/06/2022,654-676-4992,64816,14837,3463
,Jones Group,5085096585696,63287,0,51329175,3,16/10/2020,968-650-3534,69180,955038,30939
,"Crooks, Marquardt and Howell",6641025598587,37445,1,64311050,3,11/04/2020,280-259-4593,82959,258987,11073
,Treutel Group,1421054928501,83221,1,19016501,3,23/06/2020,606-539-4397,20919,799699,4684
,Cole Group,7938396433789,71112,1,63361031,3,02/01/2020,290-754-9713,50205,427869,95157
,"Mann, Will and Blanda",9267440650009,12068,0,54135724,1,20/12/2022,675-161-6792,25981,373699,50158
,Terry-Doyle,7899375906379,79544,1,93022793,0,09/03/2023,259-896-6864,23722,70150,51382
,Bernier Inc,2610109123807,28165,1,26468748,0,08/02/2023,990-816-0682,64295,481364,3999
,Roob Inc,1379688397004,46688,1,60828310,0,23/03/2023,939-310-5096,1813,125194,4151
,Steuber-Stoltenberg,2375933774958,30365,1,69827049,1,09/10/2022,311-449-8708,5933,792543,57177
,Prosacco Inc,2127241351950,30366,1,64013685,0,28/06/2023,864-481-1840,92726,238733,35068
,Abshire-Collier,4663522335728,49025,1,80566360,1,17/11/2022,638-391-0944,85331,520092,47168
,Ratke-Torphy,1267576920014,52679,0,43221556,2,10/11/2021,467-991-9007,36274,875432,65510
,Bogan-Upton,1784651949099,58474,0,65782589,1,23/04/2022,936-100-9735,51168,227600,22454
,"Koch, Runolfsdottir and Reynolds",1233484113437,15009,1,15119037,2,02/06/2021,741-810-9921,42222,665160,86968
,Reynolds and Sons,6619748904622,71232,1,29402726,1,07/03/2022,587-334-7685,56398,583232,53227
,Dach-Larson,4871695217792,77374,0,87160535,0,18/02/2023,785-134-6541,71285,28312,50581
,Rath-Wehner,1964698701332,71999,0,18064025,3,27/02/2020,761-793-2935,44753,289260,11636
,Bartoletti-Hegmann,9915869670243,54282,0,53416735,1,01/12/2022,683-348-3514,18764,375717,45687
,Homenick LLC,6966280543696,57168,0,90704902,1,16/10/2022,758-604-8989,67499,350998,8648
,Cronin Inc,7871022016785,99174,1,61575720,1,28/07/2022,305-681-6446,68274,437587,81473
,Aufderhar-Considine,1045039952060,85776,1,22721055,0,03/05/2023,688-763-4652,94779,648378,1935
,Moen Group,902940395700,95251,0,34789784,3,27/04/2020,829-275-5909,40652,192440,66651
,Hilpert and Sons,9223393616264,89865,0,25677689,3,14/11/2020,852-522-5617,55858,272306,59803
,"Barrows, Bartell and Ankunding",8235688853995,78671,1,44100911,1,12/05/2022,940-806-0922,81962,162091,47120
,Cartwright-Littel,5813143122670,27110,0,98704164,2,09/05/2021,219-325-5813,25112,897734,5304
,"Adams, Bechtelar and Graham",9915002712141,67537,0,81322155,2,11/07/2021,101-660-6135,96457,91192,73798
,"Douglas, Nienow and Shanahan",6034337593880,33165,0,99776724,3,03/07/2020,395-630-8311,98171,858214,82394
,"Heaney, Kovacek and Beer",1028356534919,29233,0,36621776,1,18/01/2022,229-428-3266,45653,352998,83432
,Dach-Thompson,8192170837236,25984,0,12712756,1,21/12/2022,335-314-5012,91007,403814,66225
,"McClure, Christiansen and Labadie",3445676476163,84127,0,64511838,0,26/08/2023,217-163-6380,79670,227846,27472
,Ratke-Waelchi,3182066195358,74690,1,39306254,3,22/01/2020,963-821-6847,23082,303188,99239
,"Hilll, Lubowitz and Bogan",2162843866553,53564,0,53338123,2,18/08/2021,909-619-7297,9922,708817,5565
,Emard Group,4966185922961,37455,1,51361876,3,27/01/2020,535-247-7778,31889,921374,3086
,McGlynn-Stroman,6783827854422,35981,1,3002408,2,27/09/2021,882-399-9947,58157,914312,603
,Stroman LLC,3233840689104,52904,0,64431579,0,23/02/2023,697-222-8569,147,682140,80445
,"Reichel, Schiller and O'Kon",3877263117633,44775,0,31687768,1,09/12/2022,668-257-5437,12245,664603,87765
,Hayes-Conroy,7213606931363,19351,1,99973622,3,27/04/2020,669-912-0835,8793,115863,9727
,McLaughlin-Bartoletti,7215985964191,55183,0,35792533,1,05/10/2022,254-401-7406,84034,848025,93406
,Runolfsdottir Group,4399738758275,21861,1,89976644,1,01/01/2022,874-591-3356,24754,961553,14581
,Schaden and Sons,6267066411626,46975,1,46100893,1,19/02/2022,903-444-9537,50326,891141,48885
,Monahan-Murray,305512691398,15636,0,44208408,2,18/04/2021,414-781-3624,44816,120627,94775
,Orn Inc,9495704316893,54291,0,58043338,2,03/10/2021,849-851-6973,58027,135188,18427
,Schamberger-Kassulke,6246903367560,78112,0,45404170,0,24/04/2023,375-750-6908,41939,338784,29686
,Cruickshank Group,6911903775794,37805,0,6350722,2,21/01/2021,951-124-7735,59386,371753,83121
,Lebsack Inc,2895468965143,80107,1,15111662,3,24/01/2020,703-957-7750,66869,657002,83327
,"Denesik, Bayer and Pagac",3935679727105,34074,0,68547211,2,08/04/2021,985-210-8045,80893,643630,91826
,"Hegmann, Balistreri and Bins",7201182511032,32263,0,25549408,0,30/06/2023,412-768-5786,21485,937338,69412
,Herzog Group,8364483539258,13876,0,85824746,3,04/10/2020,897-981-0761,2233,122738,35908
,Balistreri-Rosenbaum,7562209292966,33563,1,61674681,1,12/06/2022,777-474-8311,12185,800292,49246
,"Franecki, Jacobson and Kuvalis",1652916661815,43182,1,32375571,2,10/04/2021,986-185-5515,47008,760774,24570
,"Powlowski, Olson and Halvorson",2102820235602,93690,0,40352122,0,01/01/2023,177-718-0956,14410,168527,93142
,Jaskolski-Schumm,996859765356,42773,0,40449782,1,25/12/2022,889-285-9188,91439,816060,48172
,"Herzog, Emmerich and Howe",1550454726999,28391,0,49120788,1,04/12/2022,651-645-2215,57272,992340,90536
,Tremblay-Kilback,1845708351250,91072,0,11484679,3,30/01/2020,950-319-1006,99009,549667,9320
,"Dietrich, Schuster and Goldner",7231002707016,54622,0,32135022,3,05/06/2020,959-781-6785,15040,463429,23027
,Haley Inc,6427050713837,37019,1,14183291,3,22/02/2020,128-771-9043,81876,770734,2415
,Okuneva Group,3409128740784,72871,0,2502386,2,01/04/2021,521-819-5732,31940,899922,57684
,"Schumm, Hills and Dicki",8161032687368,29152,0,71257554,2,28/09/2021,567-251-4318,87995,681300,45801
,"Kling, Windler and Waelchi",6343910174731,89140,0,98729068,1,06/08/2022,493-281-2859,7332,842226,29769
,"Mann, Wunsch and Davis",1764650596973,73742,1,16756593,1,23/06/2022,895-467-7021,52160,639956,76976
,Rolfson LLC,1279836362363,69450,1,42591510,2,19/02/2021,325-369-4577,5144,679808,33368
,"Kiehn, Lowe and Ferry",8108714593924,92362,0,1215510,3,05/01/2020,148-880-4048,66787,257309,80573
,Hoppe Inc,4515571847555,38827,0,75970250,1,27/01/2022,142-424-3054,41898,614005,80546
,Friesen LLC,2239609269842,82705,1,32092726,0,11/02/2023,728-735-1569,82373,99332,7194
,Erdman-Schinner,9237807069741,22551,1,89504032,1,05/04/2022,287-347-6370,32264,664733,20336
,"Armstrong, Braun and Rowe",8833076847354,67138,0,80246281,3,23/03/2020,224-294-4656,41225,159962,20659
,Jast-Hills,7478253747916,25029,1,16580117,3,02/09/2020,224-534-0248,33241,275103,63366
,Labadie-Koch,1689714672470,76204,0,11346508,2,13/01/2021,489-489-4924,24363,373518,35252
,"Ruecker, Robel and Senger",9202114551763,88077,1,23807668,3,24/05/2020,612-292-0759,42256,350692,37545
,Bahringer LLC,9013389711054,43107,0,69229698,0,16/07/2023,819-777-4567,66045,442577,39561
,"Murphy, Cummings and Schaefer",6674109046705,91804,0,44332379,3,11/04/2020,873-769-2841,9539,968883,2317
,"Prosacco, Upton and Olson",7288297314329,86674,0,25282536,0,25/02/2023,119-722-6886,24118,472921,1992
,Hyatt and Sons,4611781644812,45349,0,38938780,3,29/03/2020,165-928-3307,90076,215448,91090
,"Quitzon, Bogisich and Morissette",2392873810845,63755,1,96926822,0,02/08/2023,983-752-7506,57198,876408,29243
,"Kuhic, Simonis and Schamberger",6053122943466,64086,0,71481128,1,24/10/2022,129-530-7853,19132,439149,47727
,Gibson-Leuschke,4585128492074,45876,0,51395993,2,14/07/2021,799-874-6445,78221,136886,17949
,Jones-Willms,7393909122696,54961,0,70544025,1,30/03/2022,256-941-6791,77904,697422,65586
,"Kuhn, Howe and Leannon",7442167357543,66264,0,26956134,3,18/07/2020,455-867-0872,25203,290574,23189
,Rau-Hettinger,8068385025153,90364,1,74531506,1,10/10/2022,222-290-8195,91703,306739,68488
,Jacobs-Bailey,3494034815856,31987,1,19730096,2,13/02/2021,410-857-2613,94025,840979,50098
,Veum and Sons,5711127009302,68374,1,71540565,0,15/08/2023,427-566-1073,49279,413430,44135
,Botsford-Littel,4155915539870,96724,0,70595726,2,03/04/2021,835-880-4719,71959,617526,48453
,"Lueilwitz, Dare and Davis",7836756182356,58299,0,93501291,3,31/03/2020,392-727-2550,8896,543440,24248
,"Brown, Bailey and Corwin",9128034797930,92788,1,92777416,1,27/08/2022,659-722-6729,96943,774926,4504
,Kessler-Kautzer,9384923730255,78480,0,12937046,3,08/10/2020,653-424-9684,96626,66629,35593
,"Blanda, Ward and Schuster",3543134837517,28430,1,67266481,2,11/04/2021,166-801-6654,15057,988774,68305
,Flatley Group,8189204672457,60998,0,2897300,3,26/06/2020,454-975-2856,37735,230410,4823
,Simonis LLC,1994699823592,79871,0,23379787,3,21/10/2020,585-148-2712,76677,852074,71154
,Nader Inc,9379135205661,35601,0,41459106,3,18/03/2020,195-164-8785,98238,385315,87263
,Hyatt and Sons,4058888830267,81597,0,12706582,0,07/04/2023,825-633-1293,46405,33180,70347
,Graham-Koch,1620616758878,38306,1,85596642,3,15/09/2020,370-434-9277,52948,432939,38662
,Wolf and Sons,9058849075840,84284,1,40683254,2,20/07/2021,973-554-6185,43020,37958,54312
,Goldner Inc,7258459566192,72343,1,19926449,3,29/09/2020,730-902-9342,6130,167591,94679
,Lowe-Schmitt,7691219284932,79408,1,40908787,3,05/02/2020,374-740-7744,19994,219134,59732
,Monahan and Sons,8782065481434,48357,1,8208775,2,04/11/2021,251-646-8503,66814,554588,48709
,"Feeney, Prosacco and Rippin",456882410416,85369,0,9289327,0,21/02/2023,785-253-2215,75538,126282,813
,Strosin-Watsica,6914982015421,45914,1,30436969,2,03/06/2021,852-980-7362,69799,703618,19972
,"Nikolaus, Barton and Konopelski",6267758449105,39925,1,8131477,3,15/05/2020,256-340-2815,4495,597874,98954
,"Turcotte, Armstrong and Wisoky",4549166907791,32216,1,87221876,3,21/02/2020,946-238-1446,35039,578104,66641
,"Rutherford, Nienow and Yost",9836402864089,29583,1,56842959,3,25/09/2020,273-474-3828,66915,841098,22115
,Stamm and Sons,1040802862151,30313,1,64809704,3,12/11/2020,172-192-1084,3276,948797,19345
,"Heller, Champlin and Kunde",240780135116,81444,1,11902231,3,22/06/2020,779-925-7943,70927,783184,38141
,Abbott-Schneider,1320551511636,69769,0,61889587,1,02/05/2022,352-482-0502,61003,857452,53734
,"Flatley, Lind and Leffler",1763109001233,17657,1,64259257,1,17/04/2022,670-983-0999,89782,475190,84417
,Gorczany Group,3951615505141,79405,0,38071390,3,05/01/2020,680-844-3939,62283,418763,88792
,"Corwin, Kovacek and Zboncak",1752748439062,50968,1,78579764,2,26/10/2021,558-578-6725,86080,335787,31431
,Mraz-Hauck,1500844035338,28578,1,67946250,0,30/04/2023,141-820-6507,26958,164086,54006
,"Fahey, Wunsch and Fisher",9199182342695,25476,1,94663322,3,11/01/2020,559-900-6045,88773,814245,56499
,"Towne, Schmeler and Osinski",8448941440264,79894,0,47003928,1,28/07/2022,876-253-2685,13957,642703,23778
,Kessler Group,8732746320936,76615,0,67785643,2,03/09/2021,364-742-5740,45694,299025,10923
,Jacobi Group,7410762716535,45010,1,52053757,3,21/09/2020,936-782-0026,24605,905460,72836
,Hartmann Group,6240958540949,18778,1,97200951,1,22/04/2022,909-513-5020,88706,327792,99387
,"Bahringer, Sipes and Becker",5348712303632,97872,0,85402361,1,25/12/2022,235-751-3767,29293,293266,81908
,Hermiston and Sons,200200230536,40637,0,34362915,3,10/02/2020,169-815-6465,37998,416089,63812
,Ferry-Bailey,6567766785407,44585,1,6675355,3,02/06/2020,155-539-3791,50848,167713,80660
,Willms and Sons,5281554615454,11735,1,8252936,2,04/03/2021,572-917-0677,33404,688036,50823
,Weimann Inc,1972552896623,27813,0,53829218,1,25/07/2022,619-895-4215,47616,367370,53039
,Pfeffer-Witting,3004757325821,81755,1,3629558,3,03/05/2020,295-275-9024,85945,560860,70199
,"Bashirian, Morissette and Schamberger",5641143556215,97823,1,27746130,0,28/02/2023,565-324-4825,9232,821487,42490
,"Robel, Kub and Hudson",2027936873993,54523,0,38070903,3,14/06/2020,645-398-7040,68906,651961,61263
,Kirlin-Koelpin,8968809312476,83540,0,30399236,3,25/02/2020,824-931-1002,57629,354562,9016
,McLaughlin-Kautzer,4004966582394,92601,0,91924493,1,20/10/2022,315-936-3400,87091,986105,80490
,Gerhold Inc,4046767268938,18669,0,49514335,2,27/11/2021,989-770-0511,99386,297798,46392
,Thompson-Block,6628382721476,45094,1,82765203,3,14/10/2020,821-885-8371,10835,9836,30078
,Schoen-Jerde,2422029772518,72743,1,74860047,0,05/03/2023,588-535-1287,19773,17520,44901
,"Bernier, Tremblay and Gulgowski",3920657946942,45284,0,23520717,3,20/05/2020,780-206-4544,67181,325961,58675
,"Aufderhar, Ernser and Bradtke",7918486989844,60286,1,67586645,2,03/04/2021,844-382-5010,82442,856985,81589
,"Ferry, Ryan and VonRueden",735369735532,13091,1,7074838,3,29/02/2020,609-344-4430,53164,327776,68903
,Rippin Group,607513472301,70621,1,55613089,3,03/06/2020,963-300-4102,32686,668197,72746
,Murray and Sons,2889581466986,57138,0,12326794,1,30/08/2022,987-382-2127,36444,861165,30327
,Stokes and Sons,41693538265,60442,0,90916100,2,02/03/2021,935-567-6789,17564,268392,69463
,"Bailey, Littel and Reinger",405908534908,91757,1,5305346,0,15/02/2023,857-665-6770,62366,980474,27269
,"Kling, Williamson and Brekke",9321149021063,92357,1,46705316,0,14/02/2023,342-907-7963,54770,549220,1772
,"D'Amore, McGlynn and Connelly",4905309420605,73149,1,66733184,3,09/04/2020,284-632-2483,32169,134431,30802
,"Powlowski, Fisher and Durgan",7292449925391,11019,1,88178157,3,14/12/2020,974-588-3172,57240,518840,4626
,Zieme-Hudson,1185995326342,32705,0,55100523,2,21/11/2021,740-914-0692,54708,612646,23714
,Daniel LLC,6240070631058,50047,1,76063601,1,29/04/2022,817-124-5476,53298,961845,71061
,Raynor-Jacobi,8688383910465,57656,1,5014523,0,02/07/2023,862-440-4295,72737,258155,49877
,Hamill and Sons,5405395757365,35293,0,95069467,2,22/05/2021,929-862-6289,77414,713750,68139
,Kautzer-Crona,855543424203,44868,1,9649283,2,01/11/2021,352-303-2657,27803,807845,82326
,Cormier-Schroeder,6479656717122,88801,1,65171963,2,11/01/2021,614-706-6101,50739,448336,46045
,Wiza LLC,1758718037720,19548,1,34457252,3,20/09/2020,635-512-8260,58416,378117,46054
,Zieme LLC,5525405898409,36587,0,50612644,1,14/04/2022,411-364-6752,61891,179325,1516
,Wolf LLC,1065204623726,41906,1,21898887,1,21/03/2022,117-674-7810,71666,961306,5535
,Harvey Group,7868529996605,38976,0,92252608,2,23/03/2021,515-728-7972,43796,197759,16616
,"Kuvalis, Hintz and Herzog",8407672248900,44445,0,83113602,0,29/04/2023,256-937-7414,31174,35868,81708
,Leuschke-Wiza,2486250063999,36449,1,72151701,1,26/08/2022,207-337-6778,84356,153782,50339
,Harvey-Hudson,93441280150,52686,1,72139958,2,20/01/2021,239-513-0406,66753,532978,5878
,"Schuppe, Spinka and Dietrich",9180106269069,80809,1,20029879,3,27/01/2020,908-643-5576,19703,4731,99591
,Blanda-Langworth,8359575510693,41393,0,42246138,2,17/01/2021,708-244-6320,55445,93049,7044
,Olson and Sons,4422813849199,33088,1,31950473,1,16/09/2022,270-678-6968,82228,236302,81971
,"Spencer, Harber and Weissnat",5708324278058,53855,0,71355557,3,31/08/2020,629-282-7200,43013,398893,92337
,Olson-Cummerata,3846365120940,71165,1,2016881,1,31/12/2022,232-748-1537,70590,953806,24568
,Bechtelar Inc,2142441200732,29098,0,33439876,3,15/08/2020,128-394-0900,74351,688267,32490
,Mosciski and Sons,8305230952384,48384,0,91264128,1,09/10/2022,296-280-0068,18692,696223,6031
,Stiedemann and Sons,8439931398135,24498,0,29776721,2,28/11/2021,103-301-8319,39792,51639,74362
,Stamm Group,2647375609464,40739,1,51977221,1,11/05/2022,104-401-4493,9603,756172,9485
,Abbott-Witting,2013322474354,41767,1,62726590,2,24/11/2021,800-279-3750,95196,212765,41299
,"Bruen, Kreiger and Satterfield",8026632697416,63830,0,47433529,0,07/02/2023,129-610-8145,99372,277861,95990
,"Will, Rohan and Prosacco",9076425359421,49264,1,63905023,1,19/02/2022,174-264-5647,28792,926977,55417
,Moen-Jakubowski,9199146825969,55378,0,92572924,1,01/02/2022,188-521-5006,29681,119700,95816
,Torp-Pacocha,9002524157793,19779,1,12396720,0,22/07/2023,671-583-9502,57942,578602,74852
,Hoppe Inc,9415886432036,68643,0,10230414,3,17/04/2020,697-236-9288,85123,863989,14167
,"Harris, VonRueden and Hintz",5851880776109,77555,0,45513172,2,17/02/2021,715-133-6699,40261,37352,2658
,Zemlak Group,433481675171,25732,0,23652301,3,29/12/2020,198-490-2614,93919,432955,91630
,O'Hara-Gleason,2970012144788,91170,0,58078306,2,10/11/2021,716-818-6944,89357,982068,61627
,Swaniawski Inc,9210601495692,43567,0,59401233,3,22/07/2020,502-691-1081,95519,996230,12481
,Lebsack Group,4808303834908,51196,1,27425316,3,17/09/2020,881-388-7994,62115,163759,16730
,Dare LLC,3050555821750,86893,0,6821251,3,29/10/2020,950-650-5051,13825,240030,2691
,Fritsch-Kemmer,6545347911814,74924,0,69798342,3,19/03/2020,701-651-9367,55402,979615,64025
,Wunsch Group,7647746544742,40915,1,60768115,1,19/08/2022,916-581-1274,72838,763730,69787
,"Torp, Stracke and Homenick",3984364037099,35856,1,17945445,2,25/07/2021,128-926-5383,49586,156900,9572
,Prohaska LLC,4452087051073,19532,0,99222589,0,13/07/2023,399-240-3920,19525,244275,27673
,"Bailey, Lynch and Prosacco",6746346392224,38101,1,86757665,0,12/07/2023,790-168-8435,47703,247408,55568
,Gusikowski Inc,9864171069512,88109,1,90225549,1,26/08/2022,855-861-4571,30171,844000,676
,Kessler Group,8148926626791,48192,0,89746020,2,21/12/2021,128-754-7464,60421,129615,78829
,Von Group,8128381623511,27288,0,2742533,2,25/09/2021,213-208-2605,69265,414293,32996
,Morar-McKenzie,4788463620771,72816,0,93172714,2,03/05/2021,456-826-2446,30495,7873,58797
,"Ledner, McDermott and Kessler",4027177049794,94044,1,60796842,0,28/04/2023,498-938-6624,31598,889976,84568
,"Davis, Hintz and Bradtke",8717623574960,54109,1,98336365,3,17/01/2020,887-134-2862,43519,405917,6746
,Glover Group,2115530637821,82040,0,39719465,3,31/05/2020,373-490-7891,65110,835943,25865
,"Bradtke, Walsh and Kreiger",6213346968428,34588,0,16152999,0,22/04/2023,937-835-3980,17016,845501,28137
,Davis-Bartoletti,7299036173652,63435,1,97680416,2,24/03/2021,293-815-6550,2930,279117,75494
,McClure and Sons,3883106673418,31216,0,78956927,2,15/12/2021,401-478-7675,11537,260894,60144
,"Lowe, Waelchi and Howell",9123944995915,76797,1,85931503,1,22/02/2022,788-968-7199,56558,398667,37003
,Brekke Group,5208449650264,14115,1,56375276,2,06/09/2021,107-400-1339,7316,325567,31115
,Ledner-Shields,7958730502366,35290,0,24733962,0,07/01/2023,133-977-2102,75441,389293,79512
,Muller and Sons,8107017551869,19492,1,89331547,1,26/12/2022,509-398-6242,44945,731798,56195
,Koss-Nikolaus,6675786524847,34511,0,24696369,1,11/06/2022,660-568-4005,54515,816160,81215
,Blanda-Weber,7839520606243,74240,0,97378220,1,20/10/2022,801-663-5399,37496,922730,33876
,"Kuhlman, Ullrich and Rippin",9806578375490,88549,1,22791899,3,31/07/2020,313-954-6600,4247,751036,22386
,"Bernier, Stiedemann and Grimes",4118638610892,25638,1,37284709,2,06/02/2021,942-420-8318,18436,924927,54012
,Kling LLC,5953765639065,20459,1,55823126,2,29/07/2021,574-117-1124,74687,425804,56653
,Mann-Nikolaus,9547221170796,15923,1,27542056,2,28/01/2021,949-658-4790,52557,449999,85457
,Rodriguez LLC,7627897217803,97551,0,35933684,3,14/02/2020,828-389-5128,12009,628005,43802
,Beatty-McDermott,7185827871042,60721,0,9066148,1,26/10/2022,740-194-0030,88520,657408,1253
,"Labadie, Blick and Wilkinson",4326519981513,79644,0,6646639,1,07/12/2022,655-341-7228,30791,417147,4379
,"Aufderhar, Predovic and Kemmer",1620244245516,19384,1,38373874,3,18/02/2020,194-140-3519,2653,231343,30763
,Hackett LLC,2436153851262,72018,0,49941510,0,05/02/2023,639-941-8357,13637,588376,95687
,"Gleason, Zemlak and Gibson",1168463327402,50387,1,13186612,3,20/01/2020,102-128-4164,99612,282811,68151
,Watsica Inc,2008969006400,83836,0,16501547,3,17/04/2020,801-176-0561,91650,89998,41200
,Runolfsdottir-Watsica,5628277363785,52410,0,14571621,3,18/01/2020,739-955-1678,60810,124319,15051
,Schneider-Keeling,7676476363584,35137,1,42035970,0,21/04/2023,192-998-6762,81160,78145,2774
,"Tromp, Lynch and Ankunding",8801931954314,14726,1,75264549,2,25/06/2021,560-224-0285,36406,235254,63078
,Sauer LLC,7767803373378,61615,0,7464925,0,28/06/2023,639-513-7696,151,937297,40729
,"Padberg, Bailey and Klein",746841356690,41898,0,70598924,3,12/12/2020,917-210-0587,91883,864617,69039
,Schulist LLC,2961155737286,82810,0,71912278,3,16/09/2020,596-702-5549,62321,391443,61781
,Fisher-Balistreri,7780533147563,91569,0,16183882,3,08/11/2020,289-304-6832,78470,547089,11243
,"Howe, Orn and Champlin",7525899613499,57288,1,37132076,1,10/09/2022,770-389-5397,88908,965651,9069
,Steuber-Hartmann,3027406348778,82793,1,9423346,1,31/03/2022,224-848-1389,48883,591220,62321
,Conroy Inc,1210906166568,89087,1,33220395,1,18/09/2022,676-775-2612,7655,260309,86024
,"Wilkinson, Hammes and Kautzer",3375559880596,51272,1,39893384,1,31/10/2022,812-574-5488,88196,955698,57938
,"Wilderman, Murray and Heaney",4485733961849,87487,1,32152064,2,06/07/2021,521-975-1855,39428,854795,79253
,"Lakin, Schroeder and Yost",1530879832258,17209,1,27584810,2,01/04/2021,943-406-8363,69053,199989,34598
,Gleichner Inc,8254690936416,95413,1,79805004,3,02/06/2020,695-525-3620,53788,488333,83687
,"Will, O'Keefe and Veum",1576452916787,93950,1,70060263,2,19/08/2021,894-838-0394,666,201608,41943
,"Kassulke, Bernhard and Fritsch",9379370552655,90952,1,59663885,1,27/06/2022,866-618-5304,31592,946646,65358
,Schaden-Zulauf,2309587190653,88748,0,61688473,3,01/10/2020,307-799-0404,80867,518485,48338
,"Upton, Purdy and Marks",8907124500715,79714,1,74249164,0,22/01/2023,318-654-7369,33216,143521,10517
,Paucek-Labadie,7242001179003,95795,1,84147242,2,13/07/2021,645-349-1285,98708,30989,4593
,"Becker, Goldner and Cassin",2277974006279,93657,0,68286730,0,09/04/2023,674-795-2576,71423,705394,65084
,Bechtelar LLC,1903688480684,95754,1,3349101,0,27/02/2023,666-239-2300,96593,480324,11279
,"Dach, Purdy and Sanford",8536436305522,31926,0,49713874,1,05/06/2022,120-548-5878,59074,812875,48439
,Schamberger LLC,8974238681086,56809,0,56773123,0,08/07/2023,285-130-5112,5536,810323,30639
,O'Reilly-Ortiz,9727155297560,21145,1,9662291,3,27/02/2020,314-766-2887,39365,87798,90839
,"Walker, Thiel and Dickens",5332666824569,18185,1,92742912,1,30/04/2022,468-448-0176,64664,532221,66462
,"Aufderhar, Lebsack and Cummerata",1055521254488,72241,0,38082120,3,13/01/2020,152-153-7403,49607,301622,33219
,Pacocha-Trantow,4583836212626,86237,0,33794500,0,05/01/2023,613-886-7782,83264,345625,46165
,Gleason-Kunde,5494350896107,55302,1,36950019,2,18/07/2021,988-549-4435,91646,442703,52533
,"Block, Kihn and Luettgen",8895728392690,48587,0,48499822,2,27/08/2021,930-349-3940,62737,624708,4126
,Larkin-Kerluke,2928126897819,29187,0,25244501,2,02/08/2021,297-623-8664,86975,233740,64695
,Osinski-Schamberger,2791988951070,78562,1,67002778,2,13/04/2021,810-417-4005,70239,339483,35098
,Greenholt-Erdman,6191498805684,34818,1,56063458,3,03/10/2020,481-237-1913,49153,808734,56529
,"Larson, Mitchell and Wiza",2661981319173,24463,1,44870124,3,17/07/2020,319-238-2044,43756,405046,22721
,Cartwright-Lueilwitz,9935420367532,60885,1,70532455,2,11/06/2021,937-970-0414,7790,586491,21902
,O'Keefe Group,3243356376706,94029,0,6968109,0,11/04/2023,624-596-4226,7919,391555,2451
,Padberg-Wuckert,2633393146007,13045,1,46631509,2,06/01/2021,787-963-7214,52216,712694,52358
,Lakin-Yost,8219895017834,21436,0,9143750,0,07/03/2023,640-854-1111,31058,26451,49546
,"Bradtke, Feil and Mayert",4205995374813,27575,0,25384327,1,06/06/2022,176-412-4648,84302,884453,20508
,"Hahn, Satterfield and O'Reilly",1868012275709,97227,1,66150244,2,14/08/2021,612-693-8213,86315,113666,23181
,Anderson-Koch,7614476918380,75898,1,18166044,3,02/04/2020,646-464-3000,71847,272154,89656
,Williamson Inc,6229603490696,43315,1,67967605,3,15/12/2020,420-654-1231,92604,655265,41781
,Muller LLC,7387739603951,57212,0,51131036,3,25/04/2020,116-634-9037,43256,925892,59365
,"Klein, Schulist and Bailey",7913567996494,11306,1,89381591,2,15/03/2021,336-914-0943,67029,828534,62622
,Stiedemann Group,7667579463779,81297,1,44474512,2,03/01/2021,210-321-3809,99777,629624,91035
,Conn and Sons,505008839182,89757,0,77538116,2,28/04/2021,696-895-5417,83296,692019,96004
,"Grant, Pacocha and O'Keefe",8010299708330,90019,1,57146617,0,04/03/2023,564-211-8172,79043,747364,8524
,"Pagac, Bogan and Wiza",1240275695596,84524,1,77862623,1,06/06/2022,404-656-9622,44246,125671,20127
,Reilly Inc,9003183712211,27542,0,59796378,3,23/02/2020,380-717-5361,23059,728625,43583
,Oberbrunner-Stokes,3969072837860,40272,1,78286082,2,20/08/2021,965-622-1072,6503,891129,3414
,Crona Inc,6390896451348,84221,1,49873970,1,09/08/2022,784-185-1157,37926,280364,7991
,Lind LLC,1426852001048,53957,0,92904446,0,22/07/2023,570-138-2402,90396,789134,58414
,Hegmann Inc,1496043684055,60718,0,39307251,2,16/10/2021,684-113-5615,72153,355321,22794
,"Bauch, Pacocha and Erdman",1539233486618,58428,1,17999457,3,17/03/2020,565-663-6105,32799,184408,16528
,Grady and Sons,7970937593395,56501,1,29619014,3,04/06/2020,704-465-1535,92212,748828,90828
,Witting-Wiegand,2154153682086,56472,1,56828915,0,24/06/2023,613-726-7754,90693,286561,24020
,Johns-Mohr,6097917067220,39558,1,71140498,2,02/04/2021,204-707-8284,16138,422498,40943
,Corkery-Schamberger,4040894424716,37427,1,25288117,0,03/03/2023,613-660-1287,41978,654328,59753
,"Breitenberg, Koepp and Rohan",3239895086402,40269,1,94514679,3,24/01/2020,479-351-7570,52938,727269,48291
,"Murphy, Haley and Witting",2125326737655,21817,1,39373863,3,03/04/2020,489-941-5750,25507,30300,51065
,Schinner and Sons,627113228012,28737,1,95543064,1,11/02/2022,517-943-6382,7335,789783,33280
,Predovic LLC,4883661219174,87181,0,49151166,2,08/06/2021,493-781-1563,99580,743814,19806
,"Bergnaum, Larson and Reichel",365817759315,74490,1,28968036,2,01/11/2021,171-236-4328,56157,229272,42661
,"Green, Beahan and Daugherty",6716991594176,37753,1,39029299,1,19/08/2022,759-197-9067,37745,774337,64909
,Romaguera-Harvey,9725069195241,81475,1,24055229,3,10/12/2020,236-387-4363,10712,676911,78797
,Walker Group,9983672016595,36309,1,50423761,1,15/08/2022,749-928-7775,68275,205139,35689
,Trantow LLC,2482700483058,78795,0,91517691,2,15/04/2021,454-418-5148,36220,28354,301
,Skiles Inc,8001097695377,22948,1,19036134,0,28/03/2023,242-924-0604,63825,607723,72161
,"Hartmann, Blanda and Bayer",3391990695873,56878,1,11027135,2,03/06/2021,420-673-4223,32512,203745,58957
,"Huel, Aufderhar and Kris",8847176233937,88238,1,2749553,1,01/10/2022,453-842-1685,37367,46879,42225
,Padberg LLC,2254026830507,67367,1,17608270,1,18/11/2022,558-887-0757,2096,680207,45706
,Braun-Jenkins,3955378815971,52508,1,96155290,2,26/09/2021,311-163-2015,43983,716435,2321
,Weimann Inc,9092780518726,83173,0,20788576,3,11/08/2020,225-191-2722,52258,166623,75763
,Kihn Group,8382797313898,98738,1,41954565,1,10/10/2022,571-646-4400,29879,191815,73463
,"Kessler, Waelchi and Welch",1606456018827,77466,0,47101792,2,29/09/2021,904-354-7408,99586,734245,62522
,Mills-Cole,3893858833499,10163,1,59690216,1,16/12/2022,780-559-9550,71855,433281,71239
,Barton Group,623763018974,70051,1,40729800,1,18/06/2022,172-359-5591,59424,327815,96002
,Ziemann-Dietrich,5885206488020,61208,1,35841556,2,19/09/2021,386-138-7826,61081,777429,49620
,Schimmel-Shanahan,3353325309054,15522,0,8018021,2,04/06/2021,619-548-8699,53408,882476,17705
,Miller Group,3516523591708,71593,1,82035880,3,09/09/2020,811-877-8148,2835,737543,44363
,"Gibson, Beer and Daugherty",410870651133,27349,0,55780210,3,26/10/2020,326-730-2058,9856,683130,85457
,Waelchi-Schowalter,6293127659399,60267,1,91434895,0,26/06/2023,703-176-4252,16884,620898,51855
,"Fahey, Treutel and Parisian",6667189364378,22338,0,25478530,0,25/08/2023,373-750-4257,48455,867983,6154
,Wolf and Sons,8076557245177,38204,1,41511683,1,14/02/2022,960-113-2008,53318,205474,34142
,Abernathy-Collins,6139795091150,90870,0,75295722,1,14/08/2022,450-601-8559,78646,271851,91244
,Bahringer-Metz,6618739374188,64715,1,71147283,3,26/05/2020,179-333-0214,29818,319761,88243
,Lowe and Sons,8271137191445,75444,1,26442723,0,26/06/2023,222-638-4839,23280,750230,33378
,Witting-Dooley,2060984595508,23528,0,25260706,0,08/03/2023,104-915-8032,89086,696052,76695
,Boyer LLC,2872992855896,17281,0,46838035,2,28/05/2021,168-850-5653,73518,949150,86853
,"Hyatt, Stokes and Kuphal",2200522924540,33179,0,36521421,2,20/11/2021,210-124-3425,60790,250649,42334
,Bins-McLaughlin,3155379872116,35910,0,62416660,3,13/10/2020,811-790-7263,81844,471881,32312
,"Wisoky, Heller and Lakin",1461541326871,37497,1,16567448,0,28/03/2023,300-996-1536,58908,267023,77334
,D'Amore Group,2281998901341,60004,0,37542986,2,18/08/2021,949-708-0586,62266,586910,62263
,Swaniawski and Sons,2233191201843,37855,0,25504672,1,07/07/2022,476-709-8555,82487,150723,93572
,"Heaney, Pollich and Weimann",4820905802517,29366,0,24244963,2,06/04/2021,969-913-3456,38960,391468,72726
,"Medhurst, Kulas and Stracke",9103328595398,93769,0,76127099,1,27/01/2022,379-813-1514,94371,997660,24863
,Treutel Group,5926854533154,67654,0,45161034,3,19/09/2020,285-750-4752,24536,931460,835
,"Kiehn, Tremblay and Botsford",1101215590098,59398,0,99650554,3,27/09/2020,421-466-3856,47389,405983,30856
,"Boehm, Renner and Gottlieb",2534456025955,47655,1,65432690,3,30/01/2020,878-186-5026,7773,452361,82410
